CookerStat, GenerateAssetRegistry=0.021808, Initialize=0.103492, RunGuid=RunIDB59515C145ECBDF575611DBA6C2893DB
DDCTransactionIdAB125B9E4CCA5D6B1A0EB8A70967AF0F_0, BuildTexture=, CacheKey=TEXTURE_814DCC3DC72143F49509781513CB9855_AutoDXT_4D70213649E1512D78FAE78AAD267BDD_07_0000803F0000803F0000803F000000000000803F00000000000000000000803F00000000000000000200000001000100000000000101000000040000803FFFFFFFFF00000000FF00FF00FFFF8180803B, StartTime=2016.04.28-16.41.30, Duration=2701.765869, RunGuid=RunIDB59515C145ECBDF575611DBA6C2893DB
DDCTransactionId0EDCA4F84885895EBA6738AD123C0152_0, PutCachedData=, CacheKey=TEXTURE_814DCC3DC72143F49509781513CB9855_AutoDXT_4D70213649E1512D78FAE78AAD267__B16DC466A97E25419AA749600F8016DEB8D74D3E, StartTime=2016.04.28-16.41.32, HierarchicalDDC=, DataSize=2097417, Duration=12.071777, RunGuid=RunIDB59515C145ECBDF575611DBA6C2893DB
DDCTransactionId3E2C39A04EDC57C2B90B7680A4B2D98C_0, PutCachedData=, CacheKey=TEXTURE_814DCC3DC72143F49509781513CB9855_AutoDXT_4D70213649E1512D78FAE78AAD267__F814A36855C5D6EB77F4BBE8E1ECBB74A856321A, StartTime=2016.04.28-16.41.32, HierarchicalDDC=, DataSize=524553, Duration=7.314995, RunGuid=RunIDB59515C145ECBDF575611DBA6C2893DB
DDCTransactionIdFCB288DC4C620073AFF4BAB607774CC0_0, PutCachedData=, CacheKey=TEXTURE_814DCC3DC72143F49509781513CB9855_AutoDXT_4D70213649E1512D78FAE78AAD267__CBFEC0F4008F93BACBA617BF9FEA4A8F405E27D5, StartTime=2016.04.28-16.41.32, HierarchicalDDC=, DataSize=131335, Duration=8.266523, RunGuid=RunIDB59515C145ECBDF575611DBA6C2893DB
DDCTransactionId3E2C39A04EDC57C2B90B7680A4B2D98C_1, PutCachedData=, CacheKey=TEXTURE_814DCC3DC72143F49509781513CB9855_AutoDXT_4D70213649E1512D78FAE78AAD267__938AFC2272DECC19ABCCC8DDA8AA3DB9DEF2486A, StartTime=2016.04.28-16.41.32, HierarchicalDDC=, DataSize=33031, Duration=5.799822, RunGuid=RunIDB59515C145ECBDF575611DBA6C2893DB
DDCTransactionIdFCB288DC4C620073AFF4BAB607774CC0_1, PutCachedData=, CacheKey=TEXTURE_814DCC3DC72143F49509781513CB9855_AutoDXT_4D70213649E1512D78FAE78AAD267__66935FEC3AD8B1D793617F9EF084DD8752421D74, StartTime=2016.04.28-16.41.32, HierarchicalDDC=, DataSize=8455, Duration=6.328829, RunGuid=RunIDB59515C145ECBDF575611DBA6C2893DB
DDCTransactionId0EDCA4F84885895EBA6738AD123C0152_1, PutCachedData=, CacheKey=TEXTURE_814DCC3DC72143F49509781513CB9855_AutoDXT_4D70213649E1512D78FAE78AAD267__0F2901CDD1190B0E4BC921BB9922C9ABC124F173, StartTime=2016.04.28-16.41.32, HierarchicalDDC=, DataSize=4749, Duration=5.769033, RunGuid=RunIDB59515C145ECBDF575611DBA6C2893DB
DDCTransactionIdAB125B9E4CCA5D6B1A0EB8A70967AF0F_1, BuildTexture=, CacheKey=TEXTURE_814DCC3DC72143F49509781513CB9855_BC5_E2F950034A19F2DA43AC93A421189BE6_07_0000803F0000803F0000803F000000000000803F00000000000000000000803F00000000000000000200000001000000000000000100000000040000803FFFFFFFFF00000000FF00FF00FFFF8180803B, StartTime=2016.04.28-16.41.33, Duration=515.156250, RunGuid=RunIDB59515C145ECBDF575611DBA6C2893DB
DDCTransactionId3E2C39A04EDC57C2B90B7680A4B2D98C_2, PutCachedData=, CacheKey=TEXTURE_814DCC3DC72143F49509781513CB9855_BC5_E2F950034A19F2DA43AC93A421189BE6___12847E089E19EFDF52E8CBB7E70342BE70C9C278, StartTime=2016.04.28-16.41.34, HierarchicalDDC=, DataSize=4194565, Duration=15.810743, RunGuid=RunIDB59515C145ECBDF575611DBA6C2893DB
DDCTransactionIdFCB288DC4C620073AFF4BAB607774CC0_2, PutCachedData=, CacheKey=TEXTURE_814DCC3DC72143F49509781513CB9855_BC5_E2F950034A19F2DA43AC93A421189BE6___E5FD3C09C610662ED51821609CA816C91D402CAB, StartTime=2016.04.28-16.41.34, HierarchicalDDC=, DataSize=1048837, Duration=8.490611, RunGuid=RunIDB59515C145ECBDF575611DBA6C2893DB
DDCTransactionId0EDCA4F84885895EBA6738AD123C0152_2, PutCachedData=, CacheKey=TEXTURE_814DCC3DC72143F49509781513CB9855_BC5_E2F950034A19F2DA43AC93A421189BE6___B6FBF93DBB466DAF38281094A9875CBFB1D81127, StartTime=2016.04.28-16.41.34, HierarchicalDDC=, DataSize=262403, Duration=7.713996, RunGuid=RunIDB59515C145ECBDF575611DBA6C2893DB
DDCTransactionId0EDCA4F84885895EBA6738AD123C0152_3, PutCachedData=, CacheKey=TEXTURE_814DCC3DC72143F49509781513CB9855_BC5_E2F950034A19F2DA43AC93A421189BE6___F8B5E47CB4AC3EE8E961F55036AADEEF0326EEF8, StartTime=2016.04.28-16.41.34, HierarchicalDDC=, DataSize=65795, Duration=6.829612, RunGuid=RunIDB59515C145ECBDF575611DBA6C2893DB
DDCTransactionIdFCB288DC4C620073AFF4BAB607774CC0_3, PutCachedData=, CacheKey=TEXTURE_814DCC3DC72143F49509781513CB9855_BC5_E2F950034A19F2DA43AC93A421189BE6___F8A0C5320A88A15C4769139C8A6D2609BF179E00, StartTime=2016.04.28-16.41.34, HierarchicalDDC=, DataSize=16643, Duration=7.365886, RunGuid=RunIDB59515C145ECBDF575611DBA6C2893DB
DDCTransactionId3E2C39A04EDC57C2B90B7680A4B2D98C_3, PutCachedData=, CacheKey=TEXTURE_814DCC3DC72143F49509781513CB9855_BC5_E2F950034A19F2DA43AC93A421189BE6___194608E76A1480A04EDD7EEA372427869A158F4B, StartTime=2016.04.28-16.41.34, HierarchicalDDC=, DataSize=7468, Duration=6.542656, RunGuid=RunIDB59515C145ECBDF575611DBA6C2893DB
DDCTransactionIdAB125B9E4CCA5D6B1A0EB8A70967AF0F_2, BuildTexture=, CacheKey=TEXTURE_814DCC3DC72143F49509781513CB9855_AutoDXT_3DBDC4DF4F7A6280CD3EE2989F97DA7A_07_0000803F0000803F0000803F000000000000803F00000000000000000000803F00000000000000000200000001000100000000000101000000040000803FFFFFFFFF00000000FF00FF00FFFF8180803B, StartTime=2016.04.28-16.41.34, Duration=35.828728, RunGuid=RunIDB59515C145ECBDF575611DBA6C2893DB
DDCTransactionId0EDCA4F84885895EBA6738AD123C0152_4, PutCachedData=, CacheKey=TEXTURE_814DCC3DC72143F49509781513CB9855_AutoDXT_3DBDC4DF4F7A6280CD3EE2989F97D__3B7CFAC001D98287E9287BA6CBA7F95D25642877, StartTime=2016.04.28-16.41.34, HierarchicalDDC=, DataSize=131335, Duration=5.353354, RunGuid=RunIDB59515C145ECBDF575611DBA6C2893DB
DDCTransactionIdFCB288DC4C620073AFF4BAB607774CC0_4, PutCachedData=, CacheKey=TEXTURE_814DCC3DC72143F49509781513CB9855_AutoDXT_3DBDC4DF4F7A6280CD3EE2989F97D__68ABF6DC108242415A02605504D62A1E52581EB0, StartTime=2016.04.28-16.41.34, HierarchicalDDC=, DataSize=33031, Duration=5.844299, RunGuid=RunIDB59515C145ECBDF575611DBA6C2893DB
DDCTransactionId3E2C39A04EDC57C2B90B7680A4B2D98C_4, PutCachedData=, CacheKey=TEXTURE_814DCC3DC72143F49509781513CB9855_AutoDXT_3DBDC4DF4F7A6280CD3EE2989F97D__0A186DF86B81584E5847FE2EEB84E3BD019A1721, StartTime=2016.04.28-16.41.34, HierarchicalDDC=, DataSize=8455, Duration=5.166043, RunGuid=RunIDB59515C145ECBDF575611DBA6C2893DB
DDCTransactionId3E2C39A04EDC57C2B90B7680A4B2D98C_5, PutCachedData=, CacheKey=TEXTURE_814DCC3DC72143F49509781513CB9855_AutoDXT_3DBDC4DF4F7A6280CD3EE2989F97D__E662441C766DB741BF22305160FE983ADC741005, StartTime=2016.04.28-16.41.34, HierarchicalDDC=, DataSize=4155, Duration=4.616935, RunGuid=RunIDB59515C145ECBDF575611DBA6C2893DB
DDCTransactionIdAB125B9E4CCA5D6B1A0EB8A70967AF0F_3, BuildTexture=, CacheKey=TEXTURE_814DCC3DC72143F49509781513CB9855_AutoDXT_E1AA0A664117472CC3C8DFBBC557C070_07_0000803F0000803F0000803F000000000000803F00000000000000000000803F00000000000000000200000001000100000000000101000000040000803FFFFFFFFF00000000FF00FF00FFFF8180803B, StartTime=2016.04.28-16.41.34, Duration=2858.965820, RunGuid=RunIDB59515C145ECBDF575611DBA6C2893DB
DDCTransactionId0EDCA4F84885895EBA6738AD123C0152_5, PutCachedData=, CacheKey=TEXTURE_814DCC3DC72143F49509781513CB9855_AutoDXT_E1AA0A664117472CC3C8DFBBC557C__0685EED12C024FB6A853A9010593B18629EBEF9D, StartTime=2016.04.28-16.41.37, HierarchicalDDC=, DataSize=4194569, Duration=15.508820, RunGuid=RunIDB59515C145ECBDF575611DBA6C2893DB
DDCTransactionIdFCB288DC4C620073AFF4BAB607774CC0_5, PutCachedData=, CacheKey=TEXTURE_814DCC3DC72143F49509781513CB9855_AutoDXT_E1AA0A664117472CC3C8DFBBC557C__056A445C6CBC1465893513ABD06438A6D9FFE688, StartTime=2016.04.28-16.41.37, HierarchicalDDC=, DataSize=1048841, Duration=7.740937, RunGuid=RunIDB59515C145ECBDF575611DBA6C2893DB
DDCTransactionId3E2C39A04EDC57C2B90B7680A4B2D98C_6, PutCachedData=, CacheKey=TEXTURE_814DCC3DC72143F49509781513CB9855_AutoDXT_E1AA0A664117472CC3C8DFBBC557C__7A9BAF31E5374F3E5C99E32D95A44699604329D5, StartTime=2016.04.28-16.41.37, HierarchicalDDC=, DataSize=262407, Duration=7.321838, RunGuid=RunIDB59515C145ECBDF575611DBA6C2893DB
DDCTransactionIdFCB288DC4C620073AFF4BAB607774CC0_6, PutCachedData=, CacheKey=TEXTURE_814DCC3DC72143F49509781513CB9855_AutoDXT_E1AA0A664117472CC3C8DFBBC557C__8AFDF444C1847F8A705A6DF38848AB8F1186D4BB, StartTime=2016.04.28-16.41.37, HierarchicalDDC=, DataSize=65799, Duration=5.908876, RunGuid=RunIDB59515C145ECBDF575611DBA6C2893DB
DDCTransactionId3E2C39A04EDC57C2B90B7680A4B2D98C_7, PutCachedData=, CacheKey=TEXTURE_814DCC3DC72143F49509781513CB9855_AutoDXT_E1AA0A664117472CC3C8DFBBC557C__8E2973B0ED866AD1B819BCE586E7BC8F0B0F9E4F, StartTime=2016.04.28-16.41.37, HierarchicalDDC=, DataSize=16647, Duration=6.383143, RunGuid=RunIDB59515C145ECBDF575611DBA6C2893DB
DDCTransactionId0EDCA4F84885895EBA6738AD123C0152_6, PutCachedData=, CacheKey=TEXTURE_814DCC3DC72143F49509781513CB9855_AutoDXT_E1AA0A664117472CC3C8DFBBC557C__DB0729F1E860DA56C38F35FEEA793181AFE20CC6, StartTime=2016.04.28-16.41.37, HierarchicalDDC=, DataSize=7493, Duration=5.511157, RunGuid=RunIDB59515C145ECBDF575611DBA6C2893DB
DDCTransactionIdAB125B9E4CCA5D6B1A0EB8A70967AF0F_4, BuildTexture=, CacheKey=TEXTURE_814DCC3DC72143F49509781513CB9855_BC5_2AE75687480B64CC21A2DE838DBA3A79_07_0000803F0000803F0000803F000000000000803F00000000000000000000803F00000000000000000200000001000000000000000100000000040000803FFFFFFFFF00000000FF00FF00FFFF8180803B, StartTime=2016.04.28-16.41.38, Duration=478.939606, RunGuid=RunIDB59515C145ECBDF575611DBA6C2893DB
DDCTransactionIdFCB288DC4C620073AFF4BAB607774CC0_7, PutCachedData=, CacheKey=TEXTURE_814DCC3DC72143F49509781513CB9855_BC5_2AE75687480B64CC21A2DE838DBA3A79___56F85F711418389DDA8C152DE9D867FDCB9558B6, StartTime=2016.04.28-16.41.38, HierarchicalDDC=, DataSize=4194565, Duration=14.388371, RunGuid=RunIDB59515C145ECBDF575611DBA6C2893DB
DDCTransactionId3E2C39A04EDC57C2B90B7680A4B2D98C_8, PutCachedData=, CacheKey=TEXTURE_814DCC3DC72143F49509781513CB9855_BC5_2AE75687480B64CC21A2DE838DBA3A79___48898CE42A36E873D8CAE090BB860566B2B13823, StartTime=2016.04.28-16.41.38, HierarchicalDDC=, DataSize=1048837, Duration=9.036727, RunGuid=RunIDB59515C145ECBDF575611DBA6C2893DB
DDCTransactionId0EDCA4F84885895EBA6738AD123C0152_7, PutCachedData=, CacheKey=TEXTURE_814DCC3DC72143F49509781513CB9855_BC5_2AE75687480B64CC21A2DE838DBA3A79___CCF6BE0F04589F53CD599D95174C6D3D2BF5E543, StartTime=2016.04.28-16.41.38, HierarchicalDDC=, DataSize=262403, Duration=7.413782, RunGuid=RunIDB59515C145ECBDF575611DBA6C2893DB
DDCTransactionId0EDCA4F84885895EBA6738AD123C0152_8, PutCachedData=, CacheKey=TEXTURE_814DCC3DC72143F49509781513CB9855_BC5_2AE75687480B64CC21A2DE838DBA3A79___AC2CA2D2ACE9163EA9299593D06A5CA70D7AEBE7, StartTime=2016.04.28-16.41.38, HierarchicalDDC=, DataSize=65795, Duration=5.959768, RunGuid=RunIDB59515C145ECBDF575611DBA6C2893DB
DDCTransactionId3E2C39A04EDC57C2B90B7680A4B2D98C_9, PutCachedData=, CacheKey=TEXTURE_814DCC3DC72143F49509781513CB9855_BC5_2AE75687480B64CC21A2DE838DBA3A79___E5949C6A5E29DE4384761B10B8771E0ED6C2A9CA, StartTime=2016.04.28-16.41.38, HierarchicalDDC=, DataSize=16643, Duration=4.952643, RunGuid=RunIDB59515C145ECBDF575611DBA6C2893DB
DDCTransactionIdFCB288DC4C620073AFF4BAB607774CC0_8, PutCachedData=, CacheKey=TEXTURE_814DCC3DC72143F49509781513CB9855_BC5_2AE75687480B64CC21A2DE838DBA3A79___879FB3127E601BED5D4D7479BC73C13A1E81AAF9, StartTime=2016.04.28-16.41.38, HierarchicalDDC=, DataSize=7468, Duration=5.962331, RunGuid=RunIDB59515C145ECBDF575611DBA6C2893DB
DDCTransactionIdAB125B9E4CCA5D6B1A0EB8A70967AF0F_5, BuildTexture=, CacheKey=TEXTURE_814DCC3DC72143F49509781513CB9855_AutoDXT_0C649B7F488BCF090AD0CD906A897AE9_07_0000803F0000803F0000803F000000000000803F00000000000000000000803F00000000000000000200000001000100000000000101000000040000803FFFFFFFFF00000000FF00FF00FFFF8180803B, StartTime=2016.04.28-16.41.39, Duration=2611.414063, RunGuid=RunIDB59515C145ECBDF575611DBA6C2893DB
DDCTransactionId3E2C39A04EDC57C2B90B7680A4B2D98C_10, PutCachedData=, CacheKey=TEXTURE_814DCC3DC72143F49509781513CB9855_AutoDXT_0C649B7F488BCF090AD0CD906A897__64FF3FC4326C1E35386A387634E69DBDED24B617, StartTime=2016.04.28-16.41.41, HierarchicalDDC=, DataSize=2097417, Duration=11.994798, RunGuid=RunIDB59515C145ECBDF575611DBA6C2893DB
DDCTransactionId0EDCA4F84885895EBA6738AD123C0152_9, PutCachedData=, CacheKey=TEXTURE_814DCC3DC72143F49509781513CB9855_AutoDXT_0C649B7F488BCF090AD0CD906A897__27F5D71DF7F4CDE470B02ABAF0EDE8A45A1EC1BD, StartTime=2016.04.28-16.41.41, HierarchicalDDC=, DataSize=524553, Duration=6.689340, RunGuid=RunIDB59515C145ECBDF575611DBA6C2893DB
DDCTransactionIdFCB288DC4C620073AFF4BAB607774CC0_9, PutCachedData=, CacheKey=TEXTURE_814DCC3DC72143F49509781513CB9855_AutoDXT_0C649B7F488BCF090AD0CD906A897__E532ACD3F6F85BB055BBE5DCF545AADBEDE61C91, StartTime=2016.04.28-16.41.41, HierarchicalDDC=, DataSize=131335, Duration=6.395969, RunGuid=RunIDB59515C145ECBDF575611DBA6C2893DB
DDCTransactionIdFCB288DC4C620073AFF4BAB607774CC0_10, PutCachedData=, CacheKey=TEXTURE_814DCC3DC72143F49509781513CB9855_AutoDXT_0C649B7F488BCF090AD0CD906A897__A3023A344831DE11F038B808875703AC2ACDF0D2, StartTime=2016.04.28-16.41.41, HierarchicalDDC=, DataSize=33031, Duration=5.548366, RunGuid=RunIDB59515C145ECBDF575611DBA6C2893DB
DDCTransactionId0EDCA4F84885895EBA6738AD123C0152_10, PutCachedData=, CacheKey=TEXTURE_814DCC3DC72143F49509781513CB9855_AutoDXT_0C649B7F488BCF090AD0CD906A897__285344FC925707893E2019B222A5422708F1B744, StartTime=2016.04.28-16.41.41, HierarchicalDDC=, DataSize=8455, Duration=5.614649, RunGuid=RunIDB59515C145ECBDF575611DBA6C2893DB
DDCTransactionId3E2C39A04EDC57C2B90B7680A4B2D98C_11, PutCachedData=, CacheKey=TEXTURE_814DCC3DC72143F49509781513CB9855_AutoDXT_0C649B7F488BCF090AD0CD906A897__536CB8AEB5DE1E9E8FF1784F70E43743E49726C8, StartTime=2016.04.28-16.41.41, HierarchicalDDC=, DataSize=4749, Duration=6.348073, RunGuid=RunIDB59515C145ECBDF575611DBA6C2893DB
DDCTransactionIdAB125B9E4CCA5D6B1A0EB8A70967AF0F_6, BuildTexture=, CacheKey=TEXTURE_814DCC3DC72143F49509781513CB9855_BC5_31E3254541B0F4B3818982A9CE512366_07_0000803F0000803F0000803F000000000000803F00000000000000000000803F00000000000000000200000001000000000000000100000000040000803FFFFFFFFF00000000FF00FF00FFFF8180803B, StartTime=2016.04.28-16.41.42, Duration=468.376587, RunGuid=RunIDB59515C145ECBDF575611DBA6C2893DB
DDCTransactionIdFCB288DC4C620073AFF4BAB607774CC0_11, PutCachedData=, CacheKey=TEXTURE_814DCC3DC72143F49509781513CB9855_BC5_31E3254541B0F4B3818982A9CE512366___C9A4C3F54E7C0051B6AB08AE0F4A56100E859C9F, StartTime=2016.04.28-16.41.42, HierarchicalDDC=, DataSize=4194565, Duration=14.658645, RunGuid=RunIDB59515C145ECBDF575611DBA6C2893DB
DDCTransactionId0EDCA4F84885895EBA6738AD123C0152_11, PutCachedData=, CacheKey=TEXTURE_814DCC3DC72143F49509781513CB9855_BC5_31E3254541B0F4B3818982A9CE512366___2DF491010EFB4B0DCD63A855828703ACDB532934, StartTime=2016.04.28-16.41.42, HierarchicalDDC=, DataSize=1048837, Duration=8.271657, RunGuid=RunIDB59515C145ECBDF575611DBA6C2893DB
DDCTransactionId3E2C39A04EDC57C2B90B7680A4B2D98C_12, PutCachedData=, CacheKey=TEXTURE_814DCC3DC72143F49509781513CB9855_BC5_31E3254541B0F4B3818982A9CE512366___EE1B4156C042DB11A3203F17D969B6885A004A47, StartTime=2016.04.28-16.41.42, HierarchicalDDC=, DataSize=262403, Duration=7.567737, RunGuid=RunIDB59515C145ECBDF575611DBA6C2893DB
DDCTransactionId3E2C39A04EDC57C2B90B7680A4B2D98C_13, PutCachedData=, CacheKey=TEXTURE_814DCC3DC72143F49509781513CB9855_BC5_31E3254541B0F4B3818982A9CE512366___E1D0334E2825468927F0EBEDF53CCC6A004D9DD9, StartTime=2016.04.28-16.41.42, HierarchicalDDC=, DataSize=65795, Duration=5.532969, RunGuid=RunIDB59515C145ECBDF575611DBA6C2893DB
DDCTransactionId0EDCA4F84885895EBA6738AD123C0152_12, PutCachedData=, CacheKey=TEXTURE_814DCC3DC72143F49509781513CB9855_BC5_31E3254541B0F4B3818982A9CE512366___E8119372CC0136D9A4934F325FA8330ABE70C456, StartTime=2016.04.28-16.41.42, HierarchicalDDC=, DataSize=16643, Duration=5.619355, RunGuid=RunIDB59515C145ECBDF575611DBA6C2893DB
DDCTransactionIdFCB288DC4C620073AFF4BAB607774CC0_12, PutCachedData=, CacheKey=TEXTURE_814DCC3DC72143F49509781513CB9855_BC5_31E3254541B0F4B3818982A9CE512366___99A8A0501F6C1F8A12C8CDFA3FD1BC8345698835, StartTime=2016.04.28-16.41.42, HierarchicalDDC=, DataSize=7468, Duration=5.751926, RunGuid=RunIDB59515C145ECBDF575611DBA6C2893DB
DDCTransactionIdAB125B9E4CCA5D6B1A0EB8A70967AF0F_7, BuildTexture=, CacheKey=TEXTURE_814DCC3DC72143F49509781513CB9855_AutoDXT_3077E68D4234531A368E51BB488A3D68_07_0000803F0000803F0000803F000000000000803F00000000000000000000803F00000000000000000200000001000100000000000101000000040000803FFFFFFFFF00000000FF00FF00FFFF8180803B, StartTime=2016.04.28-16.41.43, Duration=2169.436279, RunGuid=RunIDB59515C145ECBDF575611DBA6C2893DB
DDCTransactionId3E2C39A04EDC57C2B90B7680A4B2D98C_14, PutCachedData=, CacheKey=TEXTURE_814DCC3DC72143F49509781513CB9855_AutoDXT_3077E68D4234531A368E51BB488A3__1CE8753E2623A9FFE7A73509C58357AE64CDB683, StartTime=2016.04.28-16.41.45, HierarchicalDDC=, DataSize=2097417, Duration=9.050838, RunGuid=RunIDB59515C145ECBDF575611DBA6C2893DB
DDCTransactionId0EDCA4F84885895EBA6738AD123C0152_13, PutCachedData=, CacheKey=TEXTURE_814DCC3DC72143F49509781513CB9855_AutoDXT_3077E68D4234531A368E51BB488A3__CF5BD298E8330DF661C8F2DA000F114C2DC49B16, StartTime=2016.04.28-16.41.45, HierarchicalDDC=, DataSize=524553, Duration=7.085774, RunGuid=RunIDB59515C145ECBDF575611DBA6C2893DB
DDCTransactionIdFCB288DC4C620073AFF4BAB607774CC0_13, PutCachedData=, CacheKey=TEXTURE_814DCC3DC72143F49509781513CB9855_AutoDXT_3077E68D4234531A368E51BB488A3__3088B3B608A6115FB645FC0134811820D58FB426, StartTime=2016.04.28-16.41.45, HierarchicalDDC=, DataSize=131335, Duration=7.666100, RunGuid=RunIDB59515C145ECBDF575611DBA6C2893DB
DDCTransactionId0EDCA4F84885895EBA6738AD123C0152_14, PutCachedData=, CacheKey=TEXTURE_814DCC3DC72143F49509781513CB9855_AutoDXT_3077E68D4234531A368E51BB488A3__8E32498E45631DA9D47D021122F0D4B64AE58E98, StartTime=2016.04.28-16.41.45, HierarchicalDDC=, DataSize=33031, Duration=5.604386, RunGuid=RunIDB59515C145ECBDF575611DBA6C2893DB
DDCTransactionId3E2C39A04EDC57C2B90B7680A4B2D98C_15, PutCachedData=, CacheKey=TEXTURE_814DCC3DC72143F49509781513CB9855_AutoDXT_3077E68D4234531A368E51BB488A3__D5256896DB0AE9E59545717F0E8BF62D6EFE3A17, StartTime=2016.04.28-16.41.45, HierarchicalDDC=, DataSize=8455, Duration=5.495336, RunGuid=RunIDB59515C145ECBDF575611DBA6C2893DB
DDCTransactionIdFCB288DC4C620073AFF4BAB607774CC0_14, PutCachedData=, CacheKey=TEXTURE_814DCC3DC72143F49509781513CB9855_AutoDXT_3077E68D4234531A368E51BB488A3__EC3631958B7A2E160655C3927731CDAD75033FE1, StartTime=2016.04.28-16.41.45, HierarchicalDDC=, DataSize=4749, Duration=13.621588, RunGuid=RunIDB59515C145ECBDF575611DBA6C2893DB
DDCTransactionId0EDCA4F84885895EBA6738AD123C0152_15, PutCachedData=, CacheKey=PhysX_1D9C17C451EA4FB88CB7A27536A65DB0_PhysXPC_2FC15E354E3AD0270BB72B972CB1FA8E__1_0_13123_0, StartTime=2016.04.28-16.41.45, HierarchicalDDC=, DataSize=458, Duration=2.143823, RunGuid=RunIDB59515C145ECBDF575611DBA6C2893DB
DDCTransactionIdAB125B9E4CCA5D6B1A0EB8A70967AF0F_8, BuildTexture=, CacheKey=TEXTURE_814DCC3DC72143F49509781513CB9855_AutoDXT_1779D17E48D29ACA70FB2799CCBB0C62_07_0000803F0000803F0000803F000000000000803F00000000000000000000803F0000000000000000020000000E000000000000000101000000040000803FFFFFFFFF00000000FF00FF00FFFF8180803B, StartTime=2016.04.28-16.41.45, Duration=15.277456, RunGuid=RunIDB59515C145ECBDF575611DBA6C2893DB
DDCTransactionId3E2C39A04EDC57C2B90B7680A4B2D98C_16, PutCachedData=, CacheKey=TEXTURE_814DCC3DC72143F49509781513CB9855_AutoDXT_1779D17E48D29ACA70FB2799CCBB0__0681C731D90103B638E3AA9CD408E18DCEFA2031, StartTime=2016.04.28-16.41.45, HierarchicalDDC=, DataSize=65799, Duration=5.966608, RunGuid=RunIDB59515C145ECBDF575611DBA6C2893DB
DDCTransactionId0EDCA4F84885895EBA6738AD123C0152_16, PutCachedData=, CacheKey=TEXTURE_814DCC3DC72143F49509781513CB9855_AutoDXT_1779D17E48D29ACA70FB2799CCBB0__09147A59C42165D15F778956E8DFF8688BF613FD, StartTime=2016.04.28-16.41.45, HierarchicalDDC=, DataSize=16647, Duration=4.932545, RunGuid=RunIDB59515C145ECBDF575611DBA6C2893DB
DDCTransactionIdFCB288DC4C620073AFF4BAB607774CC0_15, PutCachedData=, CacheKey=TEXTURE_814DCC3DC72143F49509781513CB9855_AutoDXT_1779D17E48D29ACA70FB2799CCBB0__E803E3CF4513025A1C761D15D10C947D34C5630D, StartTime=2016.04.28-16.41.45, HierarchicalDDC=, DataSize=6604, Duration=5.212657, RunGuid=RunIDB59515C145ECBDF575611DBA6C2893DB
DDCTransactionIdAB125B9E4CCA5D6B1A0EB8A70967AF0F_9, BuildTexture=, CacheKey=TEXTURE_814DCC3DC72143F49509781513CB9855_AutoDXT_28696C4A404A91C289A80288EEF23C85_07_0000803F0000803F0000803F000000000000803F00000000000000000000803F0000000000000000020000000E000000000000000101000000040000803FFFFFFFFF00000000FF00FF00FFFF8180803B, StartTime=2016.04.28-16.41.45, Duration=11.096727, RunGuid=RunIDB59515C145ECBDF575611DBA6C2893DB
DDCTransactionId0EDCA4F84885895EBA6738AD123C0152_17, PutCachedData=, CacheKey=TEXTURE_814DCC3DC72143F49509781513CB9855_AutoDXT_28696C4A404A91C289A80288EEF23__5F0E02D5F2EEC3FF22FB2F6C5D3D6B4515596AB8, StartTime=2016.04.28-16.41.45, HierarchicalDDC=, DataSize=16647, Duration=4.737966, RunGuid=RunIDB59515C145ECBDF575611DBA6C2893DB
DDCTransactionIdFCB288DC4C620073AFF4BAB607774CC0_16, PutCachedData=, CacheKey=TEXTURE_814DCC3DC72143F49509781513CB9855_AutoDXT_28696C4A404A91C289A80288EEF23__22DE1BB0AD4A8768F2E2ADCB5D04A26DD302D0CA, StartTime=2016.04.28-16.41.45, HierarchicalDDC=, DataSize=6309, Duration=4.640028, RunGuid=RunIDB59515C145ECBDF575611DBA6C2893DB
DDCTransactionIdAB125B9E4CCA5D6B1A0EB8A70967AF0F_10, BuildTexture=, CacheKey=TEXTURE_814DCC3DC72143F49509781513CB9855_AutoDXT_F6AEFD2C49CA6F3B0BD6D6AAF04CB3B0_07_0000803F0000803F0000803F000000000000803F00000000000000000000803F0000000000000000020000000E000000000000000101000000040000803FFFFFFFFF00000000FF00FF00FFFF8180803B, StartTime=2016.04.28-16.41.45, Duration=5.222067, RunGuid=RunIDB59515C145ECBDF575611DBA6C2893DB
DDCTransactionId3E2C39A04EDC57C2B90B7680A4B2D98C_17, PutCachedData=, CacheKey=TEXTURE_814DCC3DC72143F49509781513CB9855_AutoDXT_F6AEFD2C49CA6F3B0BD6D6AAF04CB__C12BC0A5E6429CCB8BA9077699B1421417663DDA, StartTime=2016.04.28-16.41.45, HierarchicalDDC=, DataSize=16647, Duration=5.611230, RunGuid=RunIDB59515C145ECBDF575611DBA6C2893DB
DDCTransactionIdFCB288DC4C620073AFF4BAB607774CC0_17, PutCachedData=, CacheKey=TEXTURE_814DCC3DC72143F49509781513CB9855_AutoDXT_F6AEFD2C49CA6F3B0BD6D6AAF04CB__44C05C932814F19AC67994FA3A4F1FEA93D6EB1A, StartTime=2016.04.28-16.41.45, HierarchicalDDC=, DataSize=6309, Duration=4.959486, RunGuid=RunIDB59515C145ECBDF575611DBA6C2893DB
DDCTransactionIdAB125B9E4CCA5D6B1A0EB8A70967AF0F_11, BuildTexture=, CacheKey=TEXTURE_814DCC3DC72143F49509781513CB9855_AutoDXT_5A440A00430E11F0BB1126B5775D3066_07_0000803F0000803F0000803F000000000000803F00000000000000000000803F0000000000000000020000000E000000000000000101000000040000803FFFFFFFFF00000000FF00FF00FFFF8180803B, StartTime=2016.04.28-16.41.45, Duration=8.340079, RunGuid=RunIDB59515C145ECBDF575611DBA6C2893DB
DDCTransactionId0EDCA4F84885895EBA6738AD123C0152_18, PutCachedData=, CacheKey=TEXTURE_814DCC3DC72143F49509781513CB9855_AutoDXT_5A440A00430E11F0BB1126B5775D3__51F18998C7B6889E7A5D35D107086C69900E188E, StartTime=2016.04.28-16.41.45, HierarchicalDDC=, DataSize=16647, Duration=5.305886, RunGuid=RunIDB59515C145ECBDF575611DBA6C2893DB
DDCTransactionIdFCB288DC4C620073AFF4BAB607774CC0_18, PutCachedData=, CacheKey=TEXTURE_814DCC3DC72143F49509781513CB9855_AutoDXT_5A440A00430E11F0BB1126B5775D3__9564BDB16C6CD3634E395E5F2EECDD518131DB15, StartTime=2016.04.28-16.41.45, HierarchicalDDC=, DataSize=6309, Duration=4.806388, RunGuid=RunIDB59515C145ECBDF575611DBA6C2893DB
DDCTransactionIdAB125B9E4CCA5D6B1A0EB8A70967AF0F_12, BuildTexture=, CacheKey=TEXTURE_814DCC3DC72143F49509781513CB9855_AutoDXT_652A861F41FEE789EA6A11A2CBA3A75C_07_0000803F0000803F0000803F000000000000803F00000000000000000000803F0000000000000000020000000E000000000000000101000000040000803FFFFFFFFF00000000FF00FF00FFFF8180803B, StartTime=2016.04.28-16.41.45, Duration=7.406942, RunGuid=RunIDB59515C145ECBDF575611DBA6C2893DB
DDCTransactionId3E2C39A04EDC57C2B90B7680A4B2D98C_18, PutCachedData=, CacheKey=TEXTURE_814DCC3DC72143F49509781513CB9855_AutoDXT_652A861F41FEE789EA6A11A2CBA3A__C9C962C2213AB8B2C063B9531594260DE56A38E6, StartTime=2016.04.28-16.41.45, HierarchicalDDC=, DataSize=16647, Duration=5.147226, RunGuid=RunIDB59515C145ECBDF575611DBA6C2893DB
DDCTransactionIdFCB288DC4C620073AFF4BAB607774CC0_19, PutCachedData=, CacheKey=TEXTURE_814DCC3DC72143F49509781513CB9855_AutoDXT_652A861F41FEE789EA6A11A2CBA3A__1B207F8C8F3E5DF959B4C540E5431760BF71E4D2, StartTime=2016.04.28-16.41.45, HierarchicalDDC=, DataSize=6309, Duration=5.098473, RunGuid=RunIDB59515C145ECBDF575611DBA6C2893DB
DDCTransactionIdAB125B9E4CCA5D6B1A0EB8A70967AF0F_13, BuildTexture=, CacheKey=TEXTURE_814DCC3DC72143F49509781513CB9855_AutoDXT_34D3FFB54CA5E3CA43B8279CEBE1EA6E_07_0000803F0000803F0000803F000000000000803F00000000000000000000803F0000000000000000020000000E000000000000000101000000040000803FFFFFFFFF00000000FF00FF00FFFF8180803B, StartTime=2016.04.28-16.41.45, Duration=5.441453, RunGuid=RunIDB59515C145ECBDF575611DBA6C2893DB
DDCTransactionId0EDCA4F84885895EBA6738AD123C0152_19, PutCachedData=, CacheKey=TEXTURE_814DCC3DC72143F49509781513CB9855_AutoDXT_34D3FFB54CA5E3CA43B8279CEBE1E__1DFA3CF639E06213FA068352340A1F8C3D0FF4FF, StartTime=2016.04.28-16.41.45, HierarchicalDDC=, DataSize=16647, Duration=5.340096, RunGuid=RunIDB59515C145ECBDF575611DBA6C2893DB
DDCTransactionId3E2C39A04EDC57C2B90B7680A4B2D98C_19, PutCachedData=, CacheKey=TEXTURE_814DCC3DC72143F49509781513CB9855_AutoDXT_34D3FFB54CA5E3CA43B8279CEBE1E__6C5EEB62480DA5FE47E536E3AC6B30DFB5051C04, StartTime=2016.04.28-16.41.45, HierarchicalDDC=, DataSize=6309, Duration=4.997548, RunGuid=RunIDB59515C145ECBDF575611DBA6C2893DB
DDCTransactionIdAB125B9E4CCA5D6B1A0EB8A70967AF0F_14, BuildTexture=, CacheKey=TEXTURE_814DCC3DC72143F49509781513CB9855_AutoDXT_BC6D8A544D0C9B7BF38F53ACCC109625_07_0000803F0000803F0000803F000000000000803F00000000000000000000803F0000000000000000020000000E000000000000000101000000040000803FFFFFFFFF00000000FF00FF00FFFF8180803B, StartTime=2016.04.28-16.41.45, Duration=4.099049, RunGuid=RunIDB59515C145ECBDF575611DBA6C2893DB
DDCTransactionIdFCB288DC4C620073AFF4BAB607774CC0_20, PutCachedData=, CacheKey=TEXTURE_814DCC3DC72143F49509781513CB9855_AutoDXT_BC6D8A544D0C9B7BF38F53ACCC109__5901272C08A082F84296A85720289DF9631ADF93, StartTime=2016.04.28-16.41.45, HierarchicalDDC=, DataSize=16647, Duration=4.593842, RunGuid=RunIDB59515C145ECBDF575611DBA6C2893DB
DDCTransactionId3E2C39A04EDC57C2B90B7680A4B2D98C_20, PutCachedData=, CacheKey=TEXTURE_814DCC3DC72143F49509781513CB9855_AutoDXT_BC6D8A544D0C9B7BF38F53ACCC109__2E4A8EA53B8EB731E7803C82C97CFB6C56963093, StartTime=2016.04.28-16.41.45, HierarchicalDDC=, DataSize=6309, Duration=4.765332, RunGuid=RunIDB59515C145ECBDF575611DBA6C2893DB
DDCTransactionIdAB125B9E4CCA5D6B1A0EB8A70967AF0F_15, BuildTexture=, CacheKey=TEXTURE_814DCC3DC72143F49509781513CB9855_AutoDXT_103E72E74408FD065FB17689AACA64FF_07_0000803F0000803F0000803F000000000000803F00000000000000000000803F0000000000000000020000000E000000000000000101000000040000803FFFFFFFFF00000000FF00FF00FFFF8180803B, StartTime=2016.04.28-16.41.45, Duration=5.876802, RunGuid=RunIDB59515C145ECBDF575611DBA6C2893DB
DDCTransactionId0EDCA4F84885895EBA6738AD123C0152_20, PutCachedData=, CacheKey=TEXTURE_814DCC3DC72143F49509781513CB9855_AutoDXT_103E72E74408FD065FB17689AACA6__C33161860F955B267F923EA49A61CF68926A2DD0, StartTime=2016.04.28-16.41.45, HierarchicalDDC=, DataSize=16647, Duration=5.005248, RunGuid=RunIDB59515C145ECBDF575611DBA6C2893DB
DDCTransactionIdFCB288DC4C620073AFF4BAB607774CC0_21, PutCachedData=, CacheKey=TEXTURE_814DCC3DC72143F49509781513CB9855_AutoDXT_103E72E74408FD065FB17689AACA6__3C2D682242EBA18E0B0113F56BA8B1BF50F5E63F, StartTime=2016.04.28-16.41.45, HierarchicalDDC=, DataSize=6309, Duration=5.130548, RunGuid=RunIDB59515C145ECBDF575611DBA6C2893DB
DDCTransactionIdAB125B9E4CCA5D6B1A0EB8A70967AF0F_16, BuildTexture=, CacheKey=TEXTURE_814DCC3DC72143F49509781513CB9855_AutoDXT_09E54D974191928431741E82C572A008_07_0000803F0000803F0000803F000000000000803F00000000000000000000803F0000000000000000020000000E000000000000000101000000040000803FFFFFFFFF00000000FF00FF00FFFF8180803B, StartTime=2016.04.28-16.41.45, Duration=22.155821, RunGuid=RunIDB59515C145ECBDF575611DBA6C2893DB
DDCTransactionId3E2C39A04EDC57C2B90B7680A4B2D98C_21, PutCachedData=, CacheKey=TEXTURE_814DCC3DC72143F49509781513CB9855_AutoDXT_09E54D974191928431741E82C572A__37383F96BC26E082B6B5C05D769144CD13378FE1, StartTime=2016.04.28-16.41.45, HierarchicalDDC=, DataSize=65799, Duration=5.101897, RunGuid=RunIDB59515C145ECBDF575611DBA6C2893DB
DDCTransactionId0EDCA4F84885895EBA6738AD123C0152_21, PutCachedData=, CacheKey=TEXTURE_814DCC3DC72143F49509781513CB9855_AutoDXT_09E54D974191928431741E82C572A__12B4C2D36EC01B410A472A7173DEC0236F75201B, StartTime=2016.04.28-16.41.45, HierarchicalDDC=, DataSize=16647, Duration=4.942808, RunGuid=RunIDB59515C145ECBDF575611DBA6C2893DB
DDCTransactionIdFCB288DC4C620073AFF4BAB607774CC0_22, PutCachedData=, CacheKey=TEXTURE_814DCC3DC72143F49509781513CB9855_AutoDXT_09E54D974191928431741E82C572A__16DE0E40E11B67DE0558447825A5C3372E3BFFF6, StartTime=2016.04.28-16.41.45, HierarchicalDDC=, DataSize=6604, Duration=4.944947, RunGuid=RunIDB59515C145ECBDF575611DBA6C2893DB
DDCTransactionIdAB125B9E4CCA5D6B1A0EB8A70967AF0F_17, BuildTexture=, CacheKey=TEXTURE_814DCC3DC72143F49509781513CB9855_AutoDXT_B983A9994BFFF631E80F09B020126072_07_0000803F0000803F0000803F000000000000803F00000000000000000000803F0000000000000000020000000E000000000000000101000000040000803FFFFFFFFF00000000FF00FF00FFFF8180803B, StartTime=2016.04.28-16.41.45, Duration=21.283411, RunGuid=RunIDB59515C145ECBDF575611DBA6C2893DB
DDCTransactionId0EDCA4F84885895EBA6738AD123C0152_22, PutCachedData=, CacheKey=TEXTURE_814DCC3DC72143F49509781513CB9855_AutoDXT_B983A9994BFFF631E80F09B020126__2534E73D4AB0489E0B1CB90571B40BF134C14708, StartTime=2016.04.28-16.41.45, HierarchicalDDC=, DataSize=16647, Duration=4.935536, RunGuid=RunIDB59515C145ECBDF575611DBA6C2893DB
DDCTransactionIdFCB288DC4C620073AFF4BAB607774CC0_23, PutCachedData=, CacheKey=TEXTURE_814DCC3DC72143F49509781513CB9855_AutoDXT_B983A9994BFFF631E80F09B020126__92445F877168BBB41EC8A6D3D4B5AF9313B4982C, StartTime=2016.04.28-16.41.45, HierarchicalDDC=, DataSize=6309, Duration=4.903462, RunGuid=RunIDB59515C145ECBDF575611DBA6C2893DB
DDCTransactionIdAB125B9E4CCA5D6B1A0EB8A70967AF0F_18, BuildTexture=, CacheKey=TEXTURE_814DCC3DC72143F49509781513CB9855_AutoDXT_E5B8751C4912CAA1D2EA48A0A89D3932_07_0000803F0000803F0000803F000000000000803F00000000000000000000803F0000000000000000020000000E000000000000000101000000040000803FFFFFFFFF00000000FF00FF00FFFF8180803B, StartTime=2016.04.28-16.41.45, Duration=17.807449, RunGuid=RunIDB59515C145ECBDF575611DBA6C2893DB
DDCTransactionId3E2C39A04EDC57C2B90B7680A4B2D98C_22, PutCachedData=, CacheKey=TEXTURE_814DCC3DC72143F49509781513CB9855_AutoDXT_E5B8751C4912CAA1D2EA48A0A89D3__A6A6D230ADC8ACD8D6C844E4F33434EE0AD340D4, StartTime=2016.04.28-16.41.45, HierarchicalDDC=, DataSize=16647, Duration=5.547937, RunGuid=RunIDB59515C145ECBDF575611DBA6C2893DB
DDCTransactionId0EDCA4F84885895EBA6738AD123C0152_23, PutCachedData=, CacheKey=TEXTURE_814DCC3DC72143F49509781513CB9855_AutoDXT_E5B8751C4912CAA1D2EA48A0A89D3__22C160952103EC97B246A5D14FD18542A86D0F1C, StartTime=2016.04.28-16.41.45, HierarchicalDDC=, DataSize=6309, Duration=35.954884, RunGuid=RunIDB59515C145ECBDF575611DBA6C2893DB
DDCTransactionIdAB125B9E4CCA5D6B1A0EB8A70967AF0F_19, BuildTexture=, CacheKey=TEXTURE_814DCC3DC72143F49509781513CB9855_DXT1_8E913851492579B112FE2981B99B1E57_07_0000803F0000803F0000803F000000000000803F00000000000000000000803F0000000000000000020000000E000000000000000101000000040000803FFFFFFFFF00000000FF00FF00FFFF8180803B, StartTime=2016.04.28-16.41.45, Duration=6.821487, RunGuid=RunIDB59515C145ECBDF575611DBA6C2893DB
DDCTransactionIdFCB288DC4C620073AFF4BAB607774CC0_24, PutCachedData=, CacheKey=TEXTURE_814DCC3DC72143F49509781513CB9855_DXT1_8E913851492579B112FE2981B99B1E57__EFAF5894C29BC3B1A00286528B0409A3B69C41EF, StartTime=2016.04.28-16.41.45, HierarchicalDDC=, DataSize=33028, Duration=4.794840, RunGuid=RunIDB59515C145ECBDF575611DBA6C2893DB
DDCTransactionId3E2C39A04EDC57C2B90B7680A4B2D98C_23, PutCachedData=, CacheKey=TEXTURE_814DCC3DC72143F49509781513CB9855_DXT1_8E913851492579B112FE2981B99B1E57__CAE2362252D5C4623BE00F780B66E90459147D63, StartTime=2016.04.28-16.41.45, HierarchicalDDC=, DataSize=8452, Duration=4.715722, RunGuid=RunIDB59515C145ECBDF575611DBA6C2893DB
DDCTransactionIdAB125B9E4CCA5D6B1A0EB8A70967AF0F_20, BuildTexture=, CacheKey=TEXTURE_814DCC3DC72143F49509781513CB9855_DXT1_C9FB93364B4F8343B071B1BC9BBEBEF8_07_0000803F0000803F0000803F000000000000803F00000000000000000000803F0000000000000000020000000E000000000000000101000000040000803FFFFFFFFF00000000FF00FF00FFFF8180803B, StartTime=2016.04.28-16.41.45, Duration=3.792424, RunGuid=RunIDB59515C145ECBDF575611DBA6C2893DB
DDCTransactionId3E2C39A04EDC57C2B90B7680A4B2D98C_24, PutCachedData=, CacheKey=TEXTURE_814DCC3DC72143F49509781513CB9855_DXT1_8E913851492579B112FE2981B99B1E57__1D33115B90EC8DFCB5343D4B00CC80A6FBEF4B54, StartTime=2016.04.28-16.41.45, HierarchicalDDC=, DataSize=3851, Duration=5.429901, RunGuid=RunIDB59515C145ECBDF575611DBA6C2893DB
DDCTransactionIdFCB288DC4C620073AFF4BAB607774CC0_25, PutCachedData=, CacheKey=TEXTURE_814DCC3DC72143F49509781513CB9855_DXT1_C9FB93364B4F8343B071B1BC9BBEBEF8__2B385E91A6B72E6EC3CF066028D75EAF1E1A09F5, StartTime=2016.04.28-16.41.45, HierarchicalDDC=, DataSize=8452, Duration=4.514728, RunGuid=RunIDB59515C145ECBDF575611DBA6C2893DB
DDCTransactionIdAB125B9E4CCA5D6B1A0EB8A70967AF0F_21, BuildTexture=, CacheKey=TEXTURE_814DCC3DC72143F49509781513CB9855_DXT1_D12C464241F1608A00DD429C0F661EE6_07_0000803F0000803F0000803F000000000000803F00000000000000000000803F0000000000000000020000000E000000000000000101000000040000803FFFFFFFFF00000000FF00FF00FFFF8180803B, StartTime=2016.04.28-16.41.45, Duration=2.669837, RunGuid=RunIDB59515C145ECBDF575611DBA6C2893DB
DDCTransactionId3E2C39A04EDC57C2B90B7680A4B2D98C_25, PutCachedData=, CacheKey=TEXTURE_814DCC3DC72143F49509781513CB9855_DXT1_C9FB93364B4F8343B071B1BC9BBEBEF8__BF1DE743F68BB74E663927BAF1BFCF265F3AE785, StartTime=2016.04.28-16.41.45, HierarchicalDDC=, DataSize=3559, Duration=6.018780, RunGuid=RunIDB59515C145ECBDF575611DBA6C2893DB
DDCTransactionIdFCB288DC4C620073AFF4BAB607774CC0_26, PutCachedData=, CacheKey=TEXTURE_814DCC3DC72143F49509781513CB9855_DXT1_D12C464241F1608A00DD429C0F661EE6__1994D65286F6E3A1E1F9CBA98CE8BF19CE39B547, StartTime=2016.04.28-16.41.45, HierarchicalDDC=, DataSize=8452, Duration=5.916145, RunGuid=RunIDB59515C145ECBDF575611DBA6C2893DB
DDCTransactionIdAB125B9E4CCA5D6B1A0EB8A70967AF0F_22, BuildTexture=, CacheKey=TEXTURE_814DCC3DC72143F49509781513CB9855_DXT1_7B1F8D284C21300B0DD6178A5B60B21F_07_0000803F0000803F0000803F000000000000803F00000000000000000000803F0000000000000000020000000E000000000000000101000000040000803FFFFFFFFF00000000FF00FF00FFFF8180803B, StartTime=2016.04.28-16.41.45, Duration=4.451435, RunGuid=RunIDB59515C145ECBDF575611DBA6C2893DB
DDCTransactionIdFCB288DC4C620073AFF4BAB607774CC0_27, PutCachedData=, CacheKey=TEXTURE_814DCC3DC72143F49509781513CB9855_DXT1_D12C464241F1608A00DD429C0F661EE6__55B421154C1ABFA7626EEF81D58D34EB832FBED6, StartTime=2016.04.28-16.41.45, HierarchicalDDC=, DataSize=3559, Duration=6.531108, RunGuid=RunIDB59515C145ECBDF575611DBA6C2893DB
DDCTransactionIdAB125B9E4CCA5D6B1A0EB8A70967AF0F_23, BuildTexture=, CacheKey=TEXTURE_814DCC3DC72143F49509781513CB9855_DXT1_74F620C9465019B58F1E4F8F1F589CA2_07_0000803F0000803F0000803F000000000000803F00000000000000000000803F0000000000000000020000000E000000000000000101000000040000803FFFFFFFFF00000000FF00FF00FFFF8180803B, StartTime=2016.04.28-16.41.45, Duration=4.134543, RunGuid=RunIDB59515C145ECBDF575611DBA6C2893DB
DDCTransactionId3E2C39A04EDC57C2B90B7680A4B2D98C_26, PutCachedData=, CacheKey=TEXTURE_814DCC3DC72143F49509781513CB9855_DXT1_7B1F8D284C21300B0DD6178A5B60B21F__460F62950F38162DDBE1BF0BBF7FA2A00A3E9B7E, StartTime=2016.04.28-16.41.45, HierarchicalDDC=, DataSize=8452, Duration=5.997401, RunGuid=RunIDB59515C145ECBDF575611DBA6C2893DB
DDCTransactionIdAB125B9E4CCA5D6B1A0EB8A70967AF0F_24, BuildTexture=, CacheKey=TEXTURE_814DCC3DC72143F49509781513CB9855_DXT1_56965FCB413730042F44C5AFB2671847_07_0000803F0000803F0000803F000000000000803F00000000000000000000803F0000000000000000020000000E000000000000000101000000040000803FFFFFFFFF00000000FF00FF00FFFF8180803B, StartTime=2016.04.28-16.41.45, Duration=3.967762, RunGuid=RunIDB59515C145ECBDF575611DBA6C2893DB
DDCTransactionId3E2C39A04EDC57C2B90B7680A4B2D98C_27, PutCachedData=, CacheKey=TEXTURE_814DCC3DC72143F49509781513CB9855_DXT1_7B1F8D284C21300B0DD6178A5B60B21F__EEF5473AA1B041C8E0C96599152219F72A77746C, StartTime=2016.04.28-16.41.45, HierarchicalDDC=, DataSize=3559, Duration=8.023191, RunGuid=RunIDB59515C145ECBDF575611DBA6C2893DB
DDCTransactionIdFCB288DC4C620073AFF4BAB607774CC0_28, PutCachedData=, CacheKey=TEXTURE_814DCC3DC72143F49509781513CB9855_DXT1_74F620C9465019B58F1E4F8F1F589CA2__9F93C0BE8D8E08385736EEB385B6E5BAED6228A3, StartTime=2016.04.28-16.41.45, HierarchicalDDC=, DataSize=8452, Duration=6.481074, RunGuid=RunIDB59515C145ECBDF575611DBA6C2893DB
DDCTransactionIdAB125B9E4CCA5D6B1A0EB8A70967AF0F_25, BuildTexture=, CacheKey=TEXTURE_814DCC3DC72143F49509781513CB9855_DXT1_5549652E4BE384B4BB0BBA8BA1525EF4_07_0000803F0000803F0000803F000000000000803F00000000000000000000803F0000000000000000020000000E000000000000000101000000040000803FFFFFFFFF00000000FF00FF00FFFF8180803B, StartTime=2016.04.28-16.41.45, Duration=2.879813, RunGuid=RunIDB59515C145ECBDF575611DBA6C2893DB
DDCTransactionId0EDCA4F84885895EBA6738AD123C0152_24, PutCachedData=, CacheKey=TEXTURE_814DCC3DC72143F49509781513CB9855_DXT1_74F620C9465019B58F1E4F8F1F589CA2__7C939BAD4E5591A499FA8A47EA97B0F054A483E4, StartTime=2016.04.28-16.41.45, HierarchicalDDC=, DataSize=3559, Duration=6.684206, RunGuid=RunIDB59515C145ECBDF575611DBA6C2893DB
DDCTransactionIdFCB288DC4C620073AFF4BAB607774CC0_29, PutCachedData=, CacheKey=TEXTURE_814DCC3DC72143F49509781513CB9855_DXT1_56965FCB413730042F44C5AFB2671847__CF493749FFC3B9E4FB07DA047C3EE80DA8081464, StartTime=2016.04.28-16.41.45, HierarchicalDDC=, DataSize=8452, Duration=5.055707, RunGuid=RunIDB59515C145ECBDF575611DBA6C2893DB
DDCTransactionId3E2C39A04EDC57C2B90B7680A4B2D98C_28, PutCachedData=, CacheKey=TEXTURE_814DCC3DC72143F49509781513CB9855_DXT1_56965FCB413730042F44C5AFB2671847__24A364AFAC45C73C393FDBDBF518AF9125B8E3C3, StartTime=2016.04.28-16.41.45, HierarchicalDDC=, DataSize=3559, Duration=4.896194, RunGuid=RunIDB59515C145ECBDF575611DBA6C2893DB
DDCTransactionIdAB125B9E4CCA5D6B1A0EB8A70967AF0F_26, BuildTexture=, CacheKey=TEXTURE_814DCC3DC72143F49509781513CB9855_DXT1_B8BBC6EE410B6F9501B549ABF075AE28_07_0000803F0000803F0000803F000000000000803F00000000000000000000803F0000000000000000020000000E000000000000000101000000040000803FFFFFFFFF00000000FF00FF00FFFF8180803B, StartTime=2016.04.28-16.41.45, Duration=3.485795, RunGuid=RunIDB59515C145ECBDF575611DBA6C2893DB
DDCTransactionId0EDCA4F84885895EBA6738AD123C0152_25, PutCachedData=, CacheKey=TEXTURE_814DCC3DC72143F49509781513CB9855_DXT1_5549652E4BE384B4BB0BBA8BA1525EF4__305A8B1C7774124A6157295658180EB537B77147, StartTime=2016.04.28-16.41.45, HierarchicalDDC=, DataSize=8452, Duration=5.583432, RunGuid=RunIDB59515C145ECBDF575611DBA6C2893DB
DDCTransactionIdFCB288DC4C620073AFF4BAB607774CC0_30, PutCachedData=, CacheKey=TEXTURE_814DCC3DC72143F49509781513CB9855_DXT1_5549652E4BE384B4BB0BBA8BA1525EF4__5EA214126E97762E0DA5BBB53E7339B4C30C5D46, StartTime=2016.04.28-16.41.45, HierarchicalDDC=, DataSize=3559, Duration=5.345657, RunGuid=RunIDB59515C145ECBDF575611DBA6C2893DB
DDCTransactionId3E2C39A04EDC57C2B90B7680A4B2D98C_29, PutCachedData=, CacheKey=TEXTURE_814DCC3DC72143F49509781513CB9855_DXT1_B8BBC6EE410B6F9501B549ABF075AE28__AFF6F107D1B17CFC120D8A588F3521206DBFE4ED, StartTime=2016.04.28-16.41.45, HierarchicalDDC=, DataSize=8452, Duration=4.253432, RunGuid=RunIDB59515C145ECBDF575611DBA6C2893DB
DDCTransactionIdAB125B9E4CCA5D6B1A0EB8A70967AF0F_27, BuildTexture=, CacheKey=TEXTURE_814DCC3DC72143F49509781513CB9855_DXT1_A4213BD24B4FBB201C29CC8220BC1915_07_0000803F0000803F0000803F000000000000803F00000000000000000000803F0000000000000000020000000E000000000000000101000000040000803FFFFFFFFF00000000FF00FF00FFFF8180803B, StartTime=2016.04.28-16.41.45, Duration=8.142501, RunGuid=RunIDB59515C145ECBDF575611DBA6C2893DB
DDCTransactionId0EDCA4F84885895EBA6738AD123C0152_26, PutCachedData=, CacheKey=TEXTURE_814DCC3DC72143F49509781513CB9855_DXT1_B8BBC6EE410B6F9501B549ABF075AE28__63FA5B3527F664FC656AFE09FCB2C51A17B23003, StartTime=2016.04.28-16.41.45, HierarchicalDDC=, DataSize=3559, Duration=4.589993, RunGuid=RunIDB59515C145ECBDF575611DBA6C2893DB
DDCTransactionId3E2C39A04EDC57C2B90B7680A4B2D98C_30, PutCachedData=, CacheKey=TEXTURE_814DCC3DC72143F49509781513CB9855_DXT1_A4213BD24B4FBB201C29CC8220BC1915__DCA3CFFF59BC3C6B355A12F4F808F230CBB2231B, StartTime=2016.04.28-16.41.45, HierarchicalDDC=, DataSize=33028, Duration=5.037747, RunGuid=RunIDB59515C145ECBDF575611DBA6C2893DB
DDCTransactionIdFCB288DC4C620073AFF4BAB607774CC0_31, PutCachedData=, CacheKey=TEXTURE_814DCC3DC72143F49509781513CB9855_DXT1_A4213BD24B4FBB201C29CC8220BC1915__BE85E20EE365DE7C99F1D1C720243768F29E68AD, StartTime=2016.04.28-16.41.45, HierarchicalDDC=, DataSize=8452, Duration=5.061269, RunGuid=RunIDB59515C145ECBDF575611DBA6C2893DB
DDCTransactionId0EDCA4F84885895EBA6738AD123C0152_27, PutCachedData=, CacheKey=TEXTURE_814DCC3DC72143F49509781513CB9855_DXT1_A4213BD24B4FBB201C29CC8220BC1915__2486DD7440B15F6A0CE5B9A0665A48340D4E0585, StartTime=2016.04.28-16.41.45, HierarchicalDDC=, DataSize=3851, Duration=5.272098, RunGuid=RunIDB59515C145ECBDF575611DBA6C2893DB
DDCTransactionIdAB125B9E4CCA5D6B1A0EB8A70967AF0F_28, BuildTexture=, CacheKey=TEXTURE_814DCC3DC72143F49509781513CB9855_DXT1_0C6840D24ED94056EF17CE8320B6AE1C_07_0000803F0000803F0000803F000000000000803F00000000000000000000803F0000000000000000020000000E000000000000000101000000040000803FFFFFFFFF00000000FF00FF00FFFF8180803B, StartTime=2016.04.28-16.41.45, Duration=5.563758, RunGuid=RunIDB59515C145ECBDF575611DBA6C2893DB
DDCTransactionId3E2C39A04EDC57C2B90B7680A4B2D98C_31, PutCachedData=, CacheKey=TEXTURE_814DCC3DC72143F49509781513CB9855_DXT1_0C6840D24ED94056EF17CE8320B6AE1C__3C66171B786AE748557E6AB01BDFF412CF57D9D0, StartTime=2016.04.28-16.41.45, HierarchicalDDC=, DataSize=8452, Duration=5.286213, RunGuid=RunIDB59515C145ECBDF575611DBA6C2893DB
DDCTransactionIdFCB288DC4C620073AFF4BAB607774CC0_32, PutCachedData=, CacheKey=TEXTURE_814DCC3DC72143F49509781513CB9855_DXT1_0C6840D24ED94056EF17CE8320B6AE1C__809EF13F7A000B7B3C1ABF61E2530A9B6833658F, StartTime=2016.04.28-16.41.45, HierarchicalDDC=, DataSize=3559, Duration=4.546374, RunGuid=RunIDB59515C145ECBDF575611DBA6C2893DB
DDCTransactionIdAB125B9E4CCA5D6B1A0EB8A70967AF0F_29, BuildTexture=, CacheKey=TEXTURE_814DCC3DC72143F49509781513CB9855_DXT1_0F2084074FE4F32DAD7EAEA7A62B7603_07_0000803F0000803F0000803F000000000000803F00000000000000000000803F0000000000000000020000000E000000000000000101000000040000803FFFFFFFFF00000000FF00FF00FFFF8180803B, StartTime=2016.04.28-16.41.45, Duration=5.520139, RunGuid=RunIDB59515C145ECBDF575611DBA6C2893DB
DDCTransactionId0EDCA4F84885895EBA6738AD123C0152_28, PutCachedData=, CacheKey=TEXTURE_814DCC3DC72143F49509781513CB9855_DXT1_0F2084074FE4F32DAD7EAEA7A62B7603__5360F76DD810B2703AD74086EE9E205FA6E08A95, StartTime=2016.04.28-16.41.45, HierarchicalDDC=, DataSize=8452, Duration=4.455712, RunGuid=RunIDB59515C145ECBDF575611DBA6C2893DB
DDCTransactionIdFCB288DC4C620073AFF4BAB607774CC0_33, PutCachedData=, CacheKey=TEXTURE_814DCC3DC72143F49509781513CB9855_DXT1_0F2084074FE4F32DAD7EAEA7A62B7603__9AE537BAB400BDC305334ACFBBB4B524A22A8DEA, StartTime=2016.04.28-16.41.45, HierarchicalDDC=, DataSize=3559, Duration=4.395411, RunGuid=RunIDB59515C145ECBDF575611DBA6C2893DB
DDCTransactionIdAB125B9E4CCA5D6B1A0EB8A70967AF0F_30, BuildTexture=, CacheKey=TEXTURE_814DCC3DC72143F49509781513CB9855_AutoDXT_4733FD924C6A188789BFF6B773D633D3_07_0000803F0000803F0000803F000000000000803F00000000000000000000803F0000000000000000020000000E000000000000000101000000040000803FFFFFFFFF00000000FF00FF00FFFF8180803B, StartTime=2016.04.28-16.41.45, Duration=6.774869, RunGuid=RunIDB59515C145ECBDF575611DBA6C2893DB
DDCTransactionId3E2C39A04EDC57C2B90B7680A4B2D98C_32, PutCachedData=, CacheKey=TEXTURE_814DCC3DC72143F49509781513CB9855_AutoDXT_4733FD924C6A188789BFF6B773D63__8F6F9C40B9E79565581DE9BDED81DD933E8769B0, StartTime=2016.04.28-16.41.45, HierarchicalDDC=, DataSize=8454, Duration=4.377451, RunGuid=RunIDB59515C145ECBDF575611DBA6C2893DB
DDCTransactionIdFCB288DC4C620073AFF4BAB607774CC0_34, PutCachedData=, CacheKey=TEXTURE_814DCC3DC72143F49509781513CB9855_AutoDXT_4733FD924C6A188789BFF6B773D63__CE23237EF4E8057B790017D72267FF4893ECB1F6, StartTime=2016.04.28-16.41.45, HierarchicalDDC=, DataSize=3588, Duration=4.511304, RunGuid=RunIDB59515C145ECBDF575611DBA6C2893DB
DDCTransactionIdAB125B9E4CCA5D6B1A0EB8A70967AF0F_31, BuildTexture=, CacheKey=TEXTURE_814DCC3DC72143F49509781513CB9855_AutoDXT_BF02D5564833C7057B29AEB1F2261385_07_0000803F0000803F0000803F000000000000803F00000000000000000000803F0000000000000000020000000E000000000000000101000000040000803FFFFFFFFF00000000FF00FF00FFFF8180803B, StartTime=2016.04.28-16.41.45, Duration=13.697714, RunGuid=RunIDB59515C145ECBDF575611DBA6C2893DB
DDCTransactionId0EDCA4F84885895EBA6738AD123C0152_29, PutCachedData=, CacheKey=TEXTURE_814DCC3DC72143F49509781513CB9855_AutoDXT_BF02D5564833C7057B29AEB1F2261__23C11890BEE3A7900CD3D9B565EA311A853A37B2, StartTime=2016.04.28-16.41.45, HierarchicalDDC=, DataSize=33031, Duration=4.828624, RunGuid=RunIDB59515C145ECBDF575611DBA6C2893DB
DDCTransactionId3E2C39A04EDC57C2B90B7680A4B2D98C_33, PutCachedData=, CacheKey=TEXTURE_814DCC3DC72143F49509781513CB9855_AutoDXT_BF02D5564833C7057B29AEB1F2261__45958089B8322C6B5A9D786BE74931425AB53CF4, StartTime=2016.04.28-16.41.45, HierarchicalDDC=, DataSize=8454, Duration=4.595127, RunGuid=RunIDB59515C145ECBDF575611DBA6C2893DB
DDCTransactionIdFCB288DC4C620073AFF4BAB607774CC0_35, PutCachedData=, CacheKey=TEXTURE_814DCC3DC72143F49509781513CB9855_AutoDXT_BF02D5564833C7057B29AEB1F2261__25EEE188AA6FBADBB2014878768417F277BB7614, StartTime=2016.04.28-16.41.45, HierarchicalDDC=, DataSize=3883, Duration=4.643027, RunGuid=RunIDB59515C145ECBDF575611DBA6C2893DB
DDCTransactionIdAB125B9E4CCA5D6B1A0EB8A70967AF0F_32, BuildTexture=, CacheKey=TEXTURE_814DCC3DC72143F49509781513CB9855_AutoDXT_7C74EB3042E8E59FF9567793C65A1DD6_07_0000803F0000803F0000803F000000000000803F00000000000000000000803F0000000000000000020000000E000000000000000101000000040000803FFFFFFFFF00000000FF00FF00FFFF8180803B, StartTime=2016.04.28-16.41.45, Duration=4.574172, RunGuid=RunIDB59515C145ECBDF575611DBA6C2893DB
DDCTransactionId3E2C39A04EDC57C2B90B7680A4B2D98C_34, PutCachedData=, CacheKey=TEXTURE_814DCC3DC72143F49509781513CB9855_AutoDXT_7C74EB3042E8E59FF9567793C65A1__73A2BAB9B21BE871F40D29D00DCF2D25D41A1F77, StartTime=2016.04.28-16.41.45, HierarchicalDDC=, DataSize=8454, Duration=4.594698, RunGuid=RunIDB59515C145ECBDF575611DBA6C2893DB
DDCTransactionIdFCB288DC4C620073AFF4BAB607774CC0_36, PutCachedData=, CacheKey=TEXTURE_814DCC3DC72143F49509781513CB9855_AutoDXT_7C74EB3042E8E59FF9567793C65A1__5EE3E68AA5095B5488188F9BD18C26314BB19EA1, StartTime=2016.04.28-16.41.45, HierarchicalDDC=, DataSize=3588, Duration=4.615654, RunGuid=RunIDB59515C145ECBDF575611DBA6C2893DB
DDCTransactionIdAB125B9E4CCA5D6B1A0EB8A70967AF0F_33, BuildTexture=, CacheKey=TEXTURE_814DCC3DC72143F49509781513CB9855_AutoDXT_B15040AB44D70CE3CABC27A61A0FC4F6_07_0000803F0000803F0000803F000000000000803F00000000000000000000803F0000000000000000020000000E000000000000000101000000040000803FFFFFFFFF00000000FF00FF00FFFF8180803B, StartTime=2016.04.28-16.41.45, Duration=4.489068, RunGuid=RunIDB59515C145ECBDF575611DBA6C2893DB
DDCTransactionId0EDCA4F84885895EBA6738AD123C0152_30, PutCachedData=, CacheKey=TEXTURE_814DCC3DC72143F49509781513CB9855_AutoDXT_B15040AB44D70CE3CABC27A61A0FC__60D968DCC8321E8A98DAACE0D709EC2B0999431A, StartTime=2016.04.28-16.41.45, HierarchicalDDC=, DataSize=8454, Duration=4.132405, RunGuid=RunIDB59515C145ECBDF575611DBA6C2893DB
DDCTransactionId3E2C39A04EDC57C2B90B7680A4B2D98C_35, PutCachedData=, CacheKey=TEXTURE_814DCC3DC72143F49509781513CB9855_AutoDXT_B15040AB44D70CE3CABC27A61A0FC__C02EC208C635D473791B01C8227C867F401F4974, StartTime=2016.04.28-16.41.45, HierarchicalDDC=, DataSize=3588, Duration=4.114874, RunGuid=RunIDB59515C145ECBDF575611DBA6C2893DB
DDCTransactionIdAB125B9E4CCA5D6B1A0EB8A70967AF0F_34, BuildTexture=, CacheKey=TEXTURE_814DCC3DC72143F49509781513CB9855_AutoDXT_065A793C4A904AB795A55FAAE0C4372D_07_0000803F0000803F0000803F000000000000803F00000000000000000000803F0000000000000000020000000E000000000000000101000000040000803FFFFFFFFF00000000FF00FF00FFFF8180803B, StartTime=2016.04.28-16.41.45, Duration=4.318435, RunGuid=RunIDB59515C145ECBDF575611DBA6C2893DB
DDCTransactionIdFCB288DC4C620073AFF4BAB607774CC0_37, PutCachedData=, CacheKey=TEXTURE_814DCC3DC72143F49509781513CB9855_AutoDXT_065A793C4A904AB795A55FAAE0C43__18D79E44BA437E683C7F7D8D2F4E9688D47B52F1, StartTime=2016.04.28-16.41.45, HierarchicalDDC=, DataSize=8454, Duration=5.438030, RunGuid=RunIDB59515C145ECBDF575611DBA6C2893DB
DDCTransactionId0EDCA4F84885895EBA6738AD123C0152_31, PutCachedData=, CacheKey=TEXTURE_814DCC3DC72143F49509781513CB9855_AutoDXT_065A793C4A904AB795A55FAAE0C43__77F7BEED13588B72382935061B171A3F4C061FCC, StartTime=2016.04.28-16.41.45, HierarchicalDDC=, DataSize=3588, Duration=4.547659, RunGuid=RunIDB59515C145ECBDF575611DBA6C2893DB
DDCTransactionIdAB125B9E4CCA5D6B1A0EB8A70967AF0F_35, BuildTexture=, CacheKey=TEXTURE_814DCC3DC72143F49509781513CB9855_AutoDXT_A38B46914FF90B54639A18B5BB9DFE81_07_0000803F0000803F0000803F000000000000803F00000000000000000000803F0000000000000000020000000E000000000000000101000000040000803FFFFFFFFF00000000FF00FF00FFFF8180803B, StartTime=2016.04.28-16.41.45, Duration=4.573744, RunGuid=RunIDB59515C145ECBDF575611DBA6C2893DB
DDCTransactionId3E2C39A04EDC57C2B90B7680A4B2D98C_36, PutCachedData=, CacheKey=TEXTURE_814DCC3DC72143F49509781513CB9855_AutoDXT_A38B46914FF90B54639A18B5BB9DF__56B3B4E76651F95E53616DD948F52F603D07963B, StartTime=2016.04.28-16.41.45, HierarchicalDDC=, DataSize=8454, Duration=4.311167, RunGuid=RunIDB59515C145ECBDF575611DBA6C2893DB
DDCTransactionId0EDCA4F84885895EBA6738AD123C0152_32, PutCachedData=, CacheKey=TEXTURE_814DCC3DC72143F49509781513CB9855_AutoDXT_A38B46914FF90B54639A18B5BB9DF__4073B19AA8AAE2366E89FCC0EA6D6BAD8591A368, StartTime=2016.04.28-16.41.45, HierarchicalDDC=, DataSize=3588, Duration=4.268400, RunGuid=RunIDB59515C145ECBDF575611DBA6C2893DB
DDCTransactionIdAB125B9E4CCA5D6B1A0EB8A70967AF0F_36, BuildTexture=, CacheKey=TEXTURE_814DCC3DC72143F49509781513CB9855_AutoDXT_DE0A0C54403D1D93B1E14C8237AC3A95_07_0000803F0000803F0000803F000000000000803F00000000000000000000803F0000000000000000020000000E000000000000000101000000040000803FFFFFFFFF00000000FF00FF00FFFF8180803B, StartTime=2016.04.28-16.41.45, Duration=9.976704, RunGuid=RunIDB59515C145ECBDF575611DBA6C2893DB
DDCTransactionIdFCB288DC4C620073AFF4BAB607774CC0_38, PutCachedData=, CacheKey=TEXTURE_814DCC3DC72143F49509781513CB9855_AutoDXT_DE0A0C54403D1D93B1E14C8237AC3__1E789B676A4D38DC3EECF0386889798B5D331F81, StartTime=2016.04.28-16.41.45, HierarchicalDDC=, DataSize=8454, Duration=4.711021, RunGuid=RunIDB59515C145ECBDF575611DBA6C2893DB
DDCTransactionId3E2C39A04EDC57C2B90B7680A4B2D98C_37, PutCachedData=, CacheKey=TEXTURE_814DCC3DC72143F49509781513CB9855_AutoDXT_DE0A0C54403D1D93B1E14C8237AC3__117DE5B11404A1E296BF8F6CDDF5C8E6D314DC41, StartTime=2016.04.28-16.41.45, HierarchicalDDC=, DataSize=3588, Duration=4.628483, RunGuid=RunIDB59515C145ECBDF575611DBA6C2893DB
DDCTransactionIdAB125B9E4CCA5D6B1A0EB8A70967AF0F_37, BuildTexture=, CacheKey=TEXTURE_814DCC3DC72143F49509781513CB9855_AutoDXT_155BEA9A4CCCC2D9E44F41A31B432278_07_0000803F0000803F0000803F000000000000803F00000000000000000000803F0000000000000000020000000E000000000000000101000000040000803FFFFFFFFF00000000FF00FF00FFFF8180803B, StartTime=2016.04.28-16.41.45, Duration=5.712155, RunGuid=RunIDB59515C145ECBDF575611DBA6C2893DB
DDCTransactionId0EDCA4F84885895EBA6738AD123C0152_33, PutCachedData=, CacheKey=TEXTURE_814DCC3DC72143F49509781513CB9855_AutoDXT_155BEA9A4CCCC2D9E44F41A31B432__45DDDAC9A48A95E7A1EC697E2BB2666A839FE1CF, StartTime=2016.04.28-16.41.45, HierarchicalDDC=, DataSize=8454, Duration=4.613944, RunGuid=RunIDB59515C145ECBDF575611DBA6C2893DB
DDCTransactionId3E2C39A04EDC57C2B90B7680A4B2D98C_38, PutCachedData=, CacheKey=TEXTURE_814DCC3DC72143F49509781513CB9855_AutoDXT_155BEA9A4CCCC2D9E44F41A31B432__5E3C02E49DA230F3F51F0FCD5DE3B3885DDD59AF, StartTime=2016.04.28-16.41.45, HierarchicalDDC=, DataSize=3588, Duration=4.566472, RunGuid=RunIDB59515C145ECBDF575611DBA6C2893DB
DDCTransactionIdAB125B9E4CCA5D6B1A0EB8A70967AF0F_38, BuildTexture=, CacheKey=TEXTURE_814DCC3DC72143F49509781513CB9855_AutoDXT_FFC1F90D47B8819500FFE5BEF30E47DE_07_0000803F0000803F0000803F000000000000803F00000000000000000000803F0000000000000000020000000E000000000000000101000000040000803FFFFFFFFF00000000FF00FF00FFFF8180803B, StartTime=2016.04.28-16.41.45, Duration=16.419289, RunGuid=RunIDB59515C145ECBDF575611DBA6C2893DB
DDCTransactionIdFCB288DC4C620073AFF4BAB607774CC0_39, PutCachedData=, CacheKey=TEXTURE_814DCC3DC72143F49509781513CB9855_AutoDXT_FFC1F90D47B8819500FFE5BEF30E4__E7931F17199CA52231CA1AF56AF6A09EC459C6C5, StartTime=2016.04.28-16.41.45, HierarchicalDDC=, DataSize=33031, Duration=4.785862, RunGuid=RunIDB59515C145ECBDF575611DBA6C2893DB
DDCTransactionId0EDCA4F84885895EBA6738AD123C0152_34, PutCachedData=, CacheKey=TEXTURE_814DCC3DC72143F49509781513CB9855_AutoDXT_FFC1F90D47B8819500FFE5BEF30E4__23C99ACAAAA968216862E4D8A26132BD868A0558, StartTime=2016.04.28-16.41.45, HierarchicalDDC=, DataSize=8454, Duration=4.677664, RunGuid=RunIDB59515C145ECBDF575611DBA6C2893DB
DDCTransactionId3E2C39A04EDC57C2B90B7680A4B2D98C_39, PutCachedData=, CacheKey=TEXTURE_814DCC3DC72143F49509781513CB9855_AutoDXT_FFC1F90D47B8819500FFE5BEF30E4__5F4CAE14A09A5A5071990FF4BD75EB41EBCD0744, StartTime=2016.04.28-16.41.45, HierarchicalDDC=, DataSize=3883, Duration=4.639175, RunGuid=RunIDB59515C145ECBDF575611DBA6C2893DB
DDCTransactionIdAB125B9E4CCA5D6B1A0EB8A70967AF0F_39, BuildTexture=, CacheKey=TEXTURE_814DCC3DC72143F49509781513CB9855_AutoDXT_F05078544C844C22FC4E2A992F69F5A0_07_0000803F0000803F0000803F000000000000803F00000000000000000000803F0000000000000000020000000E000000000000000101000000040000803FFFFFFFFF00000000FF00FF00FFFF8180803B, StartTime=2016.04.28-16.41.45, Duration=12.086317, RunGuid=RunIDB59515C145ECBDF575611DBA6C2893DB
DDCTransactionId0EDCA4F84885895EBA6738AD123C0152_35, PutCachedData=, CacheKey=TEXTURE_814DCC3DC72143F49509781513CB9855_AutoDXT_F05078544C844C22FC4E2A992F69F__E61C2131B64F57C24F54C1FE156E57735633921F, StartTime=2016.04.28-16.41.45, HierarchicalDDC=, DataSize=8454, Duration=5.019784, RunGuid=RunIDB59515C145ECBDF575611DBA6C2893DB
DDCTransactionId3E2C39A04EDC57C2B90B7680A4B2D98C_40, PutCachedData=, CacheKey=TEXTURE_814DCC3DC72143F49509781513CB9855_AutoDXT_F05078544C844C22FC4E2A992F69F__4677B8E050137B56B8714412DFBA961CDDA1CCA6, StartTime=2016.04.28-16.41.45, HierarchicalDDC=, DataSize=3588, Duration=4.958201, RunGuid=RunIDB59515C145ECBDF575611DBA6C2893DB
DDCTransactionIdAB125B9E4CCA5D6B1A0EB8A70967AF0F_40, BuildTexture=, CacheKey=TEXTURE_814DCC3DC72143F49509781513CB9855_AutoDXT_B7B30584438BE4FE16145D92133CB448_07_0000803F0000803F0000803F000000000000803F00000000000000000000803F0000000000000000020000000E000000000000000101000000040000803FFFFFFFFF00000000FF00FF00FFFF8180803B, StartTime=2016.04.28-16.41.45, Duration=12.014043, RunGuid=RunIDB59515C145ECBDF575611DBA6C2893DB
DDCTransactionIdFCB288DC4C620073AFF4BAB607774CC0_40, PutCachedData=, CacheKey=TEXTURE_814DCC3DC72143F49509781513CB9855_AutoDXT_B7B30584438BE4FE16145D92133CB__42256AA7A2C8601984FFEA4D125395CDA0BCC39D, StartTime=2016.04.28-16.41.45, HierarchicalDDC=, DataSize=8454, Duration=5.391844, RunGuid=RunIDB59515C145ECBDF575611DBA6C2893DB
DDCTransactionId0EDCA4F84885895EBA6738AD123C0152_36, PutCachedData=, CacheKey=TEXTURE_814DCC3DC72143F49509781513CB9855_AutoDXT_B7B30584438BE4FE16145D92133CB__243D64B1E1E9A218BB36CE6300EEAC61649A9972, StartTime=2016.04.28-16.41.45, HierarchicalDDC=, DataSize=3588, Duration=4.687924, RunGuid=RunIDB59515C145ECBDF575611DBA6C2893DB
DDCTransactionIdAB125B9E4CCA5D6B1A0EB8A70967AF0F_41, BuildTexture=, CacheKey=TEXTURE_814DCC3DC72143F49509781513CB9855_BGRA8_2A01B21E4EB7B0090F70CE9792D2A98B_07_0000803F0000803F0000803F000000000000803F00000000000000000000803F0000000000000000020000000E000000000000000101000000040000803FFFFFFFFF00000000FF00FF00FFFF8180803B, StartTime=2016.04.28-16.41.45, Duration=0.549536, RunGuid=RunIDB59515C145ECBDF575611DBA6C2893DB
DDCTransactionId3E2C39A04EDC57C2B90B7680A4B2D98C_41, PutCachedData=, CacheKey=TEXTURE_814DCC3DC72143F49509781513CB9855_BGRA8_2A01B21E4EB7B0090F70CE9792D2A98__DBD5CBE18D3FFAF5079F2C794323F8A845F2BACA, StartTime=2016.04.28-16.41.45, HierarchicalDDC=, DataSize=33028, Duration=10.230731, RunGuid=RunIDB59515C145ECBDF575611DBA6C2893DB
DDCTransactionIdAB125B9E4CCA5D6B1A0EB8A70967AF0F_42, BuildTexture=, CacheKey=TEXTURE_814DCC3DC72143F49509781513CB9855_BGRA8_EB6F35D646C4DAB6D1723BAEAC2BE3E3_07_0000803F0000803F0000803F000000000000803F00000000000000000000803F0000000000000000020000000E000000000000000101000000040000803FFFFFFFFF00000000FF00FF00FFFF8180803B, StartTime=2016.04.28-16.41.45, Duration=0.499070, RunGuid=RunIDB59515C145ECBDF575611DBA6C2893DB
DDCTransactionIdAB125B9E4CCA5D6B1A0EB8A70967AF0F_43, BuildTexture=, CacheKey=TEXTURE_814DCC3DC72143F49509781513CB9855_BGRA8_7E50F07B40AA83B16E9A5493C96EC4B3_07_0000803F0000803F0000803F000000000000803F00000000000000000000803F0000000000000000020000000E000000000000000101000000040000803FFFFFFFFF00000000FF00FF00FFFF8180803B, StartTime=2016.04.28-16.41.45, Duration=0.503346, RunGuid=RunIDB59515C145ECBDF575611DBA6C2893DB
DDCTransactionIdAB125B9E4CCA5D6B1A0EB8A70967AF0F_44, BuildTexture=, CacheKey=TEXTURE_814DCC3DC72143F49509781513CB9855_BGRA8_69A22A79415E5725CCE9408022375D76_07_0000803F0000803F0000803F000000000000803F00000000000000000000803F0000000000000000020000000E000000000000000101000000040000803FFFFFFFFF00000000FF00FF00FFFF8180803B, StartTime=2016.04.28-16.41.45, Duration=0.489663, RunGuid=RunIDB59515C145ECBDF575611DBA6C2893DB
DDCTransactionIdAB125B9E4CCA5D6B1A0EB8A70967AF0F_45, BuildTexture=, CacheKey=TEXTURE_814DCC3DC72143F49509781513CB9855_BGRA8_35FB52E84F6E9BD8DC3EA2868725E24C_07_0000803F0000803F0000803F000000000000803F00000000000000000000803F0000000000000000020000000E000000000000000101000000040000803FFFFFFFFF00000000FF00FF00FFFF8180803B, StartTime=2016.04.28-16.41.45, Duration=0.489235, RunGuid=RunIDB59515C145ECBDF575611DBA6C2893DB
DDCTransactionIdAB125B9E4CCA5D6B1A0EB8A70967AF0F_46, BuildTexture=, CacheKey=TEXTURE_814DCC3DC72143F49509781513CB9855_BGRA8_925976AC46C5327A41486888985BB622_07_0000803F0000803F0000803F000000000000803F00000000000000000000803F0000000000000000020000000E000000000000000101000000040000803FFFFFFFFF00000000FF00FF00FFFF8180803B, StartTime=2016.04.28-16.41.45, Duration=1.915459, RunGuid=RunIDB59515C145ECBDF575611DBA6C2893DB
DDCTransactionId0EDCA4F84885895EBA6738AD123C0152_37, PutCachedData=, CacheKey=TEXTURE_814DCC3DC72143F49509781513CB9855_BGRA8_2A01B21E4EB7B0090F70CE9792D2A98__A543283E1BD779BC0DD62C9BAF145A18E409D30C, StartTime=2016.04.28-16.41.45, HierarchicalDDC=, DataSize=11744, Duration=5.452141, RunGuid=RunIDB59515C145ECBDF575611DBA6C2893DB
DDCTransactionIdFCB288DC4C620073AFF4BAB607774CC0_41, PutCachedData=, CacheKey=TEXTURE_814DCC3DC72143F49509781513CB9855_BGRA8_EB6F35D646C4DAB6D1723BAEAC2BE3E__07551972595E83282EC7E83FBCE0C3C04926E958, StartTime=2016.04.28-16.41.45, HierarchicalDDC=, DataSize=33028, Duration=4.914582, RunGuid=RunIDB59515C145ECBDF575611DBA6C2893DB
DDCTransactionIdAB125B9E4CCA5D6B1A0EB8A70967AF0F_47, BuildTexture=, CacheKey=TEXTURE_814DCC3DC72143F49509781513CB9855_BGRA8_5E5A800746646154D116E3A5F2EF8CAB_07_0000803F0000803F0000803F000000000000803F00000000000000000000803F0000000000000000020000000E000000000000000101000000040000803FFFFFFFFF00000000FF00FF00FFFF8180803B, StartTime=2016.04.28-16.41.45, Duration=0.614539, RunGuid=RunIDB59515C145ECBDF575611DBA6C2893DB
DDCTransactionIdAB125B9E4CCA5D6B1A0EB8A70967AF0F_48, BuildTexture=, CacheKey=TEXTURE_814DCC3DC72143F49509781513CB9855_BGRA8_FB7548204160A66D33FD24AB26BC297D_07_0000803F0000803F0000803F000000000000803F00000000000000000000803F0000000000000000020000000E000000000000000101000000040000803FFFFFFFFF00000000FF00FF00FFFF8180803B, StartTime=2016.04.28-16.41.45, Duration=0.514891, RunGuid=RunIDB59515C145ECBDF575611DBA6C2893DB
DDCTransactionIdAB125B9E4CCA5D6B1A0EB8A70967AF0F_49, BuildTexture=, CacheKey=TEXTURE_814DCC3DC72143F49509781513CB9855_BGRA8_B827084341F2E560B0A987BDB0AF14D3_07_0000803F0000803F0000803F000000000000803F00000000000000000000803F0000000000000000020000000E000000000000000101000000040000803FFFFFFFFF00000000FF00FF00FFFF8180803B, StartTime=2016.04.28-16.41.45, Duration=0.639770, RunGuid=RunIDB59515C145ECBDF575611DBA6C2893DB
DDCTransactionIdAB125B9E4CCA5D6B1A0EB8A70967AF0F_50, BuildTexture=, CacheKey=TEXTURE_814DCC3DC72143F49509781513CB9855_BGRA8_28E39BEA4BDF8DB9253366A60FCBC8AE_07_0000803F0000803F0000803F000000000000803F00000000000000000000803F0000000000000000020000000E000000000000000101000000040000803FFFFFFFFF00000000FF00FF00FFFF8180803B, StartTime=2016.04.28-16.41.45, Duration=1.708470, RunGuid=RunIDB59515C145ECBDF575611DBA6C2893DB
DDCTransactionId0EDCA4F84885895EBA6738AD123C0152_38, PutCachedData=, CacheKey=TEXTURE_814DCC3DC72143F49509781513CB9855_BGRA8_EB6F35D646C4DAB6D1723BAEAC2BE3E__D11AC76E5FCB89E8711131580C7832A12D4248B4, StartTime=2016.04.28-16.41.45, HierarchicalDDC=, DataSize=11744, Duration=5.907591, RunGuid=RunIDB59515C145ECBDF575611DBA6C2893DB
DDCTransactionIdFCB288DC4C620073AFF4BAB607774CC0_42, PutCachedData=, CacheKey=TEXTURE_814DCC3DC72143F49509781513CB9855_BGRA8_7E50F07B40AA83B16E9A5493C96EC4B__D095527FD8DCD2D735B5207AD1EA09ADAAD5E9E1, StartTime=2016.04.28-16.41.45, HierarchicalDDC=, DataSize=33028, Duration=5.347367, RunGuid=RunIDB59515C145ECBDF575611DBA6C2893DB
DDCTransactionId3E2C39A04EDC57C2B90B7680A4B2D98C_42, PutCachedData=, CacheKey=TEXTURE_814DCC3DC72143F49509781513CB9855_BGRA8_7E50F07B40AA83B16E9A5493C96EC4B__5D50889866E64E9219FF69CD675393219838E15A, StartTime=2016.04.28-16.41.45, HierarchicalDDC=, DataSize=11744, Duration=4.729409, RunGuid=RunIDB59515C145ECBDF575611DBA6C2893DB
DDCTransactionIdAB125B9E4CCA5D6B1A0EB8A70967AF0F_51, BuildTexture=, CacheKey=TEXTURE_814DCC3DC72143F49509781513CB9855_BGRA8_96B82FDC4F7BAB1B0BE92285EB8356ED_07_0000803F0000803F0000803F000000000000803F00000000000000000000803F0000000000000000020000000E000000000000000101000000040000803FFFFFFFFF00000000FF00FF00FFFF8180803B, StartTime=2016.04.28-16.41.45, Duration=0.529006, RunGuid=RunIDB59515C145ECBDF575611DBA6C2893DB
DDCTransactionIdFCB288DC4C620073AFF4BAB607774CC0_43, PutCachedData=, CacheKey=TEXTURE_814DCC3DC72143F49509781513CB9855_BGRA8_69A22A79415E5725CCE9408022375D7__86D1C9FDBD4F98AC7AA1ED125D7FC7EC0407B7F7, StartTime=2016.04.28-16.41.45, HierarchicalDDC=, DataSize=33028, Duration=7.096037, RunGuid=RunIDB59515C145ECBDF575611DBA6C2893DB
DDCTransactionId0EDCA4F84885895EBA6738AD123C0152_39, PutCachedData=, CacheKey=TEXTURE_814DCC3DC72143F49509781513CB9855_BGRA8_69A22A79415E5725CCE9408022375D7__22DC16B64802E5EB60B454F0F9E46D7A6A3FEC60, StartTime=2016.04.28-16.41.45, HierarchicalDDC=, DataSize=11744, Duration=6.141946, RunGuid=RunIDB59515C145ECBDF575611DBA6C2893DB
DDCTransactionId3E2C39A04EDC57C2B90B7680A4B2D98C_43, PutCachedData=, CacheKey=TEXTURE_814DCC3DC72143F49509781513CB9855_BGRA8_35FB52E84F6E9BD8DC3EA2868725E24__32F51735A92ABD6668E613E3F9221DC3BEF26B4E, StartTime=2016.04.28-16.41.45, HierarchicalDDC=, DataSize=33028, Duration=8.516699, RunGuid=RunIDB59515C145ECBDF575611DBA6C2893DB
DDCTransactionId0EDCA4F84885895EBA6738AD123C0152_40, PutCachedData=, CacheKey=TEXTURE_814DCC3DC72143F49509781513CB9855_BGRA8_35FB52E84F6E9BD8DC3EA2868725E24__E752575277176FEBECD221CE560D992849EC7761, StartTime=2016.04.28-16.41.45, HierarchicalDDC=, DataSize=11744, Duration=5.803671, RunGuid=RunIDB59515C145ECBDF575611DBA6C2893DB
DDCTransactionIdFCB288DC4C620073AFF4BAB607774CC0_44, PutCachedData=, CacheKey=TEXTURE_814DCC3DC72143F49509781513CB9855_BGRA8_925976AC46C5327A41486888985BB62__AE4C29E59DBF7DBB9C4965C22423DDFE4379AC4C, StartTime=2016.04.28-16.41.45, HierarchicalDDC=, DataSize=131333, Duration=5.408522, RunGuid=RunIDB59515C145ECBDF575611DBA6C2893DB
DDCTransactionId3E2C39A04EDC57C2B90B7680A4B2D98C_44, PutCachedData=, CacheKey=TEXTURE_814DCC3DC72143F49509781513CB9855_BGRA8_925976AC46C5327A41486888985BB62__C5808774DA28B1F8C5BC23650470902C69EAF6C1, StartTime=2016.04.28-16.41.45, HierarchicalDDC=, DataSize=33028, Duration=5.447440, RunGuid=RunIDB59515C145ECBDF575611DBA6C2893DB
DDCTransactionId0EDCA4F84885895EBA6738AD123C0152_41, PutCachedData=, CacheKey=TEXTURE_814DCC3DC72143F49509781513CB9855_BGRA8_925976AC46C5327A41486888985BB62__339F2B2EB5340E7EF3072DC2DDFCFE8FC2C6192B, StartTime=2016.04.28-16.41.45, HierarchicalDDC=, DataSize=12037, Duration=5.837455, RunGuid=RunIDB59515C145ECBDF575611DBA6C2893DB
DDCTransactionIdFCB288DC4C620073AFF4BAB607774CC0_45, PutCachedData=, CacheKey=TEXTURE_814DCC3DC72143F49509781513CB9855_BGRA8_5E5A800746646154D116E3A5F2EF8CA__80ED0C7911B14AD7D26E1BC0C41B7C74216E3AE0, StartTime=2016.04.28-16.41.45, HierarchicalDDC=, DataSize=33028, Duration=5.642019, RunGuid=RunIDB59515C145ECBDF575611DBA6C2893DB
DDCTransactionId3E2C39A04EDC57C2B90B7680A4B2D98C_45, PutCachedData=, CacheKey=TEXTURE_814DCC3DC72143F49509781513CB9855_BGRA8_5E5A800746646154D116E3A5F2EF8CA__911FC418544562C7DBD53427A609BD737F39B9E8, StartTime=2016.04.28-16.41.45, HierarchicalDDC=, DataSize=11744, Duration=6.115005, RunGuid=RunIDB59515C145ECBDF575611DBA6C2893DB
DDCTransactionIdFCB288DC4C620073AFF4BAB607774CC0_46, PutCachedData=, CacheKey=TEXTURE_814DCC3DC72143F49509781513CB9855_BGRA8_FB7548204160A66D33FD24AB26BC297__ADB287143DB2261E84EFA867616517244A53C3E3, StartTime=2016.04.28-16.41.45, HierarchicalDDC=, DataSize=33028, Duration=5.816504, RunGuid=RunIDB59515C145ECBDF575611DBA6C2893DB
DDCTransactionId0EDCA4F84885895EBA6738AD123C0152_42, PutCachedData=, CacheKey=TEXTURE_814DCC3DC72143F49509781513CB9855_BGRA8_FB7548204160A66D33FD24AB26BC297__F39B8E41C541CE7EE682446407F8437671ABC7C2, StartTime=2016.04.28-16.41.45, HierarchicalDDC=, DataSize=11744, Duration=5.727980, RunGuid=RunIDB59515C145ECBDF575611DBA6C2893DB
DDCTransactionId3E2C39A04EDC57C2B90B7680A4B2D98C_46, PutCachedData=, CacheKey=TEXTURE_814DCC3DC72143F49509781513CB9855_BGRA8_B827084341F2E560B0A987BDB0AF14D__8CD7C7D99FC5155B2B9CDEAA6C68E951939A0B36, StartTime=2016.04.28-16.41.45, HierarchicalDDC=, DataSize=33028, Duration=10.824311, RunGuid=RunIDB59515C145ECBDF575611DBA6C2893DB
DDCTransactionId0EDCA4F84885895EBA6738AD123C0152_43, PutCachedData=, CacheKey=TEXTURE_814DCC3DC72143F49509781513CB9855_BGRA8_B827084341F2E560B0A987BDB0AF14D__ACC46E9713D41ED0B2CA990AB4239859B3A27457, StartTime=2016.04.28-16.41.45, HierarchicalDDC=, DataSize=11744, Duration=6.543085, RunGuid=RunIDB59515C145ECBDF575611DBA6C2893DB
DDCTransactionIdFCB288DC4C620073AFF4BAB607774CC0_47, PutCachedData=, CacheKey=TEXTURE_814DCC3DC72143F49509781513CB9855_BGRA8_28E39BEA4BDF8DB9253366A60FCBC8A__DE8B14FB57E2F8E7D4E87A05481D6AA66FD20A42, StartTime=2016.04.28-16.41.45, HierarchicalDDC=, DataSize=131333, Duration=6.923266, RunGuid=RunIDB59515C145ECBDF575611DBA6C2893DB
DDCTransactionId0EDCA4F84885895EBA6738AD123C0152_44, PutCachedData=, CacheKey=TEXTURE_814DCC3DC72143F49509781513CB9855_BGRA8_28E39BEA4BDF8DB9253366A60FCBC8A__52257F9A06331F4699A21597F7DC59FA536EF79C, StartTime=2016.04.28-16.41.45, HierarchicalDDC=, DataSize=33028, Duration=6.489627, RunGuid=RunIDB59515C145ECBDF575611DBA6C2893DB
DDCTransactionIdFCB288DC4C620073AFF4BAB607774CC0_48, PutCachedData=, CacheKey=TEXTURE_814DCC3DC72143F49509781513CB9855_BGRA8_28E39BEA4BDF8DB9253366A60FCBC8A__27D243356F6C44517BBF266661F2DC28E24E9131, StartTime=2016.04.28-16.41.45, HierarchicalDDC=, DataSize=12037, Duration=6.082930, RunGuid=RunIDB59515C145ECBDF575611DBA6C2893DB
DDCTransactionId3E2C39A04EDC57C2B90B7680A4B2D98C_47, PutCachedData=, CacheKey=TEXTURE_814DCC3DC72143F49509781513CB9855_BGRA8_96B82FDC4F7BAB1B0BE92285EB8356E__1C2E301D3FC3165A6D82BC18455C0DEA6490A33E, StartTime=2016.04.28-16.41.45, HierarchicalDDC=, DataSize=33028, Duration=5.943943, RunGuid=RunIDB59515C145ECBDF575611DBA6C2893DB
DDCTransactionIdFCB288DC4C620073AFF4BAB607774CC0_49, PutCachedData=, CacheKey=TEXTURE_814DCC3DC72143F49509781513CB9855_BGRA8_96B82FDC4F7BAB1B0BE92285EB8356E__B5B66C083D5E686B0460E96FD7127CB92E670402, StartTime=2016.04.28-16.41.45, HierarchicalDDC=, DataSize=11744, Duration=4.655000, RunGuid=RunIDB59515C145ECBDF575611DBA6C2893DB
